Date,USD_PKR
2010-01-31,84.518436
2010-02-28,84.899116
2010-03-31,84.350006
2010-04-30,83.938573
2010-05-31,84.331786
2010-06-30,85.284375
2010-07-31,85.503082
2010-08-31,85.606997
2010-09-30,85.761778
2010-10-31,85.941634
2010-11-30,85.543962
2010-12-31,85.707167
2011-01-31,85.677806
2011-02-28,85.314098
2011-03-31,85.338025
2011-04-30,84.627809
2011-05-31,85.212223
2011-06-30,85.78588
2011-07-31,86.020402
2011-08-31,86.621073
2011-09-30,87.474433
2011-10-31,86.965485
2011-11-30,86.931595
2011-12-31,89.340197
2012-01-31,90.135693
2012-02-29,90.618593
2012-03-31,90.713522
2012-04-30,90.634496
2012-05-31,91.260495
2012-06-30,94.115084
2012-07-31,94.377875
2012-08-31,94.465991
2012-09-30,94.587724
2012-10-31,95.348718
2012-11-30,95.992598
2012-12-31,97.187015
2013-01-31,97.471975
2013-02-28,97.968676
2013-03-31,98.0605
2013-04-30,98.311858
2013-05-31,98.373877
2013-06-30,98.579647
2013-07-31,100.475364
2013-08-31,102.933057
2013-09-30,105.248845
2013-10-31,106.196588
2013-11-30,107.505379
2013-12-31,106.970956
2014-01-31,105.385735
2014-02-28,105.060519
2014-03-31,99.977739
2014-04-30,97.492761
2014-05-31,98.594713
2014-06-30,98.467899
2014-07-31,98.654342
2014-08-31,100.089726
2014-09-30,102.342495
2014-10-31,102.753697
2014-11-30,101.787426
2014-12-31,100.823395
2015-01-31,100.683449
2015-02-28,101.365126
2015-03-31,101.759752
2015-04-30,101.700434
2015-05-31,101.804258
2015-06-30,101.77253
2015-07-31,101.719449
2015-08-31,102.336099
2015-09-30,104.206806
2015-10-31,104.480661
2015-11-30,105.372587
2015-12-31,104.657841
2016-01-31,104.838848
2016-02-29,104.623177
2016-03-31,104.647001
2016-04-30,104.673794
2016-05-31,104.678739
2016-06-30,104.586375
2016-07-31,104.73875
2016-08-31,104.622119
2016-09-30,104.539576
2016-10-31,104.598489
2016-11-30,104.693531
2016-12-31,104.72481
2017-01-31,104.730126
2017-02-28,104.720417
2017-03-31,104.741682
2017-04-30,104.7474
2017-05-31,104.738087
2017-06-30,104.770211
2017-07-31,105.424984
2017-08-31,105.307931
2017-09-30,105.32069
2017-10-31,105.33906
2017-11-30,105.362649
2017-12-31,108.697368
2018-01-31,110.403041
2018-02-28,110.434192
2018-03-31,112.068851
2018-04-30,115.421634
2018-05-31,115.44688
2018-06-30,118.905517
2018-07-31,124.353414
2018-08-31,123.789583
2018-09-30,124.081628
2018-10-31,130.383058
2018-11-30,133.504122
2018-12-31,138.471259
2019-01-31,138.695078
2019-02-28,138.530726
2019-03-31,139.166346
2019-04-30,141.164561
2019-05-31,145.69225
2019-06-30,155.249095
2019-07-31,158.829694
2019-08-31,158.077024
2019-09-30,156.176407
2019-10-31,155.949085
2019-11-30,155.367457
2019-12-31,154.920011
2020-01-31,154.656144
2020-02-29,154.263358
2020-03-31,158.44718
2020-04-30,164.437274
2020-05-31,160.076694
2020-06-30,165.103864
2020-07-31,166.762519
2020-08-31,167.706397
2020-09-30,165.854091
2020-10-31,162.799992
2020-11-30,159.21225
2020-12-31,160.079514
2021-01-31,160.153552
2021-02-28,159.131343
2021-03-31,156.029765
2021-04-30,153.076852
2021-05-31,153.29278
2021-06-30,156.163793
2021-07-31,159.601571
2021-08-31,164.099741
2021-09-30,168.05674
2021-10-31,171.694793
2021-11-30,173.025502
2021-12-31,177.176357
2022-01-31,176.310845
2022-02-28,175.482276
2022-03-31,179.617273
2022-04-30,184.481334
2022-05-31,195.500402
2022-06-30,204.367422
2022-07-31,219.437089
2022-08-31,220.886305
2022-09-30,230.4658621
2022-10-31,220.57243
2022-11-30,222.3104544
2022-12-31,224.762406
2023-01-31,234.1359524
2023-02-28,266.6764367
2023-03-31,280.2024795
2023-04-30,284.9456592
2023-05-31,285.4859718
2023-06-30,286.5840653
2023-07-31,281.007205
2023-08-31,293.8080564
2023-09-30,297.7541724
2023-10-31,280.3567571
2023-11-30,285.5207225
2023-12-31,283.2960707
2024-01-31,280.3206113
2024-02-29,279.1816697
2024-03-31,278.7049655
2024-04-30,278.1424501
2024-05-31,278.2500821
2024-06-30,278.4387221
2024-07-31,278.3912397
2024-08-31,278.540312
2024-09-30,278.2436207
2024-10-31,277.6704048
2024-11-30,277.8093268
2024-12-31,278.1203612
2025-01-31,278.6442633
2025-02-28,279.304265
2025-03-31,280.0836116
2025-04-30,281.6662931
2025-05-31,281.6662931
2025-06-30,283.0001359
2025-07-31,284.2132955
2025-08-31,282.2447321
2025-09-30,281.6472727
2025-10-31,281.2675932
2025-11-30,280.8729821
2025-12-31,280.5409602
2026-01-31,280.1535223
2026-02-28,279.8070073
2026-03-31,279.5112857
2026-04-30,279.175974
2026-05-31,278.8445378
2026-06-30,278.5795536
