Date,Inflation_YoY
2010-01-31,11.31719045
2010-02-28,10.22361511
2010-03-31,11.19081779
2010-04-30,12.09893048
2010-05-31,12.32441472
2010-06-30,11.7622679
2010-07-31,12.37955251
2010-08-31,12.79274944
2010-09-30,14.89310593
2010-10-31,15.32951289
2010-11-30,14.95679497
2010-12-31,15.45461739
2011-01-31,13.90774452
2011-02-28,12.84868977
2011-03-31,13.02466793
2011-04-30,12.54472272
2011-05-31,12.64701504
2011-06-30,13.31306089
2011-07-31,12.42551955
2011-08-31,11.55514471
2011-09-30,10.46065928
2011-10-31,10.96618357
2011-11-30,10.18860189
2011-12-31,9.746401645
2012-01-31,10.09683754
2012-02-29,11.0452843
2012-03-31,10.79175341
2012-04-30,11.26564673
2012-05-31,12.29101963
2012-06-30,11.26456342
2012-07-31,9.597983454
2012-08-31,9.057878633
2012-09-30,8.794952681
2012-10-31,7.655948753
2012-11-30,6.927131783
2012-12-31,7.931551336
2013-01-31,8.069873293
2013-02-28,7.383332311
2013-03-31,6.570493393
2013-04-30,5.797619048
2013-05-31,5.131524745
2013-06-30,5.853285487
2013-07-31,8.262074659
2013-08-31,8.545210123
2013-09-30,7.388077012
2013-10-31,9.081455806
2013-11-30,10.89780768
2013-12-31,9.177178567
2014-01-31,7.911212294
2014-02-28,7.93215693
2014-03-31,8.531452622
2014-04-30,9.181951165
2014-05-31,8.340330255
2014-06-30,8.224963877
2014-07-31,7.882122236
2014-08-31,6.994776803
2014-09-30,7.679015012
2014-10-31,5.820358013
2014-11-30,3.964227812
2014-12-31,4.298282807
2015-01-31,3.876582278
2015-02-28,3.243386243
2015-03-31,2.489256891
2015-04-30,2.112748634
2015-05-31,3.156807027
2015-06-30,3.158056896
2015-07-31,1.949002777
2015-08-31,1.786612984
2015-09-30,1.323971916
2015-10-31,1.611530954
2015-11-30,2.731525731
2015-12-31,3.186137507
2016-01-31,3.320639756
2016-02-29,4.022959053
2016-03-31,3.942322442
2016-04-30,4.173395236
2016-05-31,3.170389662
2016-06-30,3.190800936
2016-07-31,4.12371134
2016-08-31,3.564894932
2016-09-30,3.880419719
2016-10-31,4.206274935
2016-11-30,3.81451376
2016-12-31,3.698414262
2017-01-31,3.661113568
2017-02-28,4.217164253
2017-03-31,4.939000394
2017-04-30,4.78128179
2017-05-31,5.019661149
2017-06-30,3.931500241
2017-07-31,2.908415842
2017-08-31,3.413539578
2017-09-30,3.859348199
2017-10-31,3.800160703
2017-11-30,3.966794019
2017-12-31,4.57330104
2018-01-31,4.42305869
2018-02-28,3.800699631
2018-03-31,3.24864054
2018-04-30,3.675450763
2018-05-31,4.192668608
2018-06-30,5.207704804
2018-07-31,5.832832231
2018-08-31,5.844605512
2018-09-30,5.110560602
2018-10-31,6.775647739
2018-11-30,6.501224934
2018-12-31,6.167120799
2019-01-31,7.191174468
2019-02-28,8.21113034
2019-03-31,9.412031782
2019-04-30,8.820512821
2019-05-31,9.112688554
2019-06-30,8.889575153
2019-07-31,10.34090909
2019-08-31,11.63257295
2019-09-30,12.5523743
2019-10-31,11.07509915
2019-11-30,12.28541001
2019-12-31,12.42193515
2020-01-31,13.07017915
2020-02-29,12.03232187
2020-03-31,10.74363018
2020-04-30,9.461951399
