Date,Inflation_YoY,USD_PKR,Remittances_Million_USD,Petrol_Price,Year,Month_Number,Month_Name,Quarter,Fiscal_Year,Inflation_Change,USD_Change,Petrol_Change,Remittance_Growth_%,USD_3M_MA,Petrol_3M_MA,Remittances_3M_MA,Yearly_USD_Avg,Yearly_Petrol_Avg
2010-01-31,11.31719045,84.518436,690.41,66.36,2010,1,January,1,2010,,,,,,,,85.11557599999999,72.05166666666666
2010-02-28,10.22361511,84.899116,639.69,66.36,2010,2,February,1,2010,-1.0935753399999992,0.38068000000001234,0.0,-7.3463594096261575,,,,85.11557599999999,72.05166666666666
2010-03-31,11.19081779,84.350006,728.29,69.03,2010,3,March,1,2010,0.9672026799999998,-0.5491100000000131,2.6700000000000017,13.850458815988986,84.589186,67.25,686.13,85.11557599999999,72.05166666666666
2010-04-30,12.09893048,83.938573,745.94,71.21,2010,4,April,2,2010,0.9081126899999994,-0.41143299999998817,2.1799999999999926,2.423485150146254,84.39589833333334,68.86666666666666,704.64,85.11557599999999,72.05166666666666
2010-05-31,12.32441472,84.331786,734.6,72.96,2010,5,May,2,2010,0.2254842400000001,0.3932129999999887,1.75,-1.520229509075799,84.20678833333334,71.06666666666666,736.2766666666666,85.11557599999999,72.05166666666666
2010-06-30,11.7622679,85.284375,805.84,72.96,2010,6,June,2,2010,-0.5621468200000006,0.9525890000000032,0.0,9.697794718213991,84.51824466666666,72.37666666666667,762.1266666666667,85.11557599999999,72.05166666666666
2010-07-31,12.37955251,85.503082,783.74,70.91,2010,7,July,3,2011,0.6172846100000005,0.2187070000000091,-2.049999999999997,-2.7424798967537023,85.03974766666666,72.27666666666666,774.7266666666668,85.11557599999999,72.05166666666666
2010-08-31,12.79274944,85.606997,826.54,70.91,2010,8,August,3,2011,0.4131969299999998,0.10391500000000065,0.0,5.4609947176359475,85.464818,71.59333333333332,805.3733333333333,85.11557599999999,72.05166666666666
2010-09-30,14.89310593,85.761778,977.8,72.52,2010,9,September,3,2011,2.100356490000001,0.15478099999999984,1.6099999999999994,18.3003847363709,85.62395233333332,71.44666666666667,862.6933333333333,85.11557599999999,72.05166666666666
2010-10-31,15.32951289,85.941634,879.0,74.96,2010,10,October,4,2011,0.43640695999999934,0.1798559999999867,2.4399999999999977,-10.104315811004295,85.77013633333333,72.79666666666667,894.4466666666667,85.11557599999999,72.05166666666666
2010-11-30,14.95679497,85.543962,1008.97,76.77,2010,11,November,4,2011,-0.3727179199999995,-0.397672,1.8100000000000023,14.786120591581353,85.74912466666667,74.74999999999999,955.2566666666667,85.11557599999999,72.05166666666666
2010-12-31,15.45461739,85.707167,848.17,79.67,2010,12,December,4,2011,0.49782241999999854,0.16320500000000493,2.9000000000000057,-15.937044708960634,85.73092100000001,77.13333333333333,912.0466666666666,85.11557599999999,72.05166666666666
2011-01-31,13.90774452,85.677806,862.62,84.53,2011,1,January,1,2011,-1.5468728699999996,-0.02936099999999442,4.859999999999999,1.7036678967659924,85.64297833333335,80.32333333333334,906.5866666666666,86.27575216666666,87.10333333333334
2011-02-28,12.84868977,85.314098,919.27,84.53,2011,2,February,1,2011,-1.0590547499999996,-0.3637080000000026,0.0,6.567202244325432,85.566357,82.91000000000001,876.6866666666666,86.27575216666666,87.10333333333334
2011-03-31,13.02466793,85.338025,1007.21,87.92,2011,3,March,1,2011,0.17597815999999966,0.023927000000000476,3.3900000000000006,9.566286292384184,85.44330966666666,85.66000000000001,929.6999999999999,86.27575216666666,87.10333333333334
2011-04-30,12.54472272,84.627809,1017.8,88.41,2011,4,April,2,2011,-0.47994521000000034,-0.7102160000000026,0.4899999999999949,1.0514192670843192,85.09331066666667,86.95333333333333,981.4266666666667,86.27575216666666,87.10333333333334
2011-05-31,12.64701504,85.212223,1014.86,88.41,2011,5,May,2,2011,0.1022923200000001,0.5844139999999953,0.0,-0.2888583218706997,85.05935233333334,88.24666666666667,1013.29,86.27575216666666,87.10333333333334
2011-06-30,13.31306089,85.78588,1052.89,86.71,2011,6,June,2,2011,0.6660458499999997,0.5736570000000114,-1.7000000000000028,3.7473149005774253,85.20863733333334,87.84333333333332,1028.5166666666667,86.27575216666666,87.10333333333334
2011-07-31,12.42551955,86.020402,1079.02,85.9,2011,7,July,3,2012,-0.8875413399999985,0.23452199999999834,-0.8099999999999881,2.4817407326501284,85.672835,87.00666666666666,1048.9233333333334,86.27575216666666,87.10333333333334
2011-08-31,11.55514471,86.621073,1132.73,84.8,2011,8,August,3,2012,-0.8703748400000002,0.6006709999999913,-1.1000000000000085,4.977664918166491,86.14245166666667,85.80333333333333,1088.2133333333334,86.27575216666666,87.10333333333334
2011-09-30,10.46065928,87.474433,968.5,85.9,2011,9,September,3,2012,-1.0944854300000006,0.8533600000000092,1.1000000000000085,-14.498600725680433,86.70530266666667,85.53333333333335,1060.0833333333333,86.27575216666666,87.10333333333334
2011-10-31,10.96618357,86.965485,1037.53,87.8,2011,10,October,4,2012,0.5055242900000003,-0.5089480000000037,1.8999999999999915,7.127516778523479,87.02033033333333,86.16666666666667,1046.2533333333333,86.27575216666666,87.10333333333334
2011-11-30,10.18860189,86.931595,988.05,89.54,2011,11,November,4,2012,-0.7775816800000008,-0.03388999999999953,1.740000000000009,-4.769018727169339,87.12383766666666,87.74666666666667,998.0266666666666,86.27575216666666,87.10333333333334
2011-12-31,9.746401645,89.340197,1093.42,90.79,2011,12,December,4,2012,-0.44220024499999866,2.408602000000002,1.25,10.664440058701485,87.745759,89.37666666666667,1039.6666666666667,86.27575216666666,87.10333333333334
2012-01-31,10.09683754,90.135693,1171.17,94.91,2012,1,January,1,2012,0.3504358949999986,0.795496,4.11999999999999,7.1107168334217485,88.80249500000001,91.74666666666667,1084.2133333333334,93.28648366666665,101.14333333333333
2012-02-29,11.0452843,90.618593,1258.75,95.67,2012,2,February,1,2012,0.9484467600000013,0.4829000000000008,0.7600000000000051,7.477992093376695,90.03149433333333,93.79,1174.4466666666667,93.28648366666665,101.14333333333333
2012-03-31,10.79175341,90.713522,1097.22,98.12,2012,3,March,1,2012,-0.2535308900000004,0.09492899999999338,2.450000000000003,-12.83257199602781,90.48926933333333,96.23333333333333,1175.7133333333334,93.28648366666665,101.14333333333333
2012-04-30,11.26564673,90.634496,1129.39,105.68,2012,4,April,2,2012,0.4738933200000002,-0.07902599999999893,7.560000000000002,2.9319553052259417,90.655537,99.82333333333334,1161.7866666666666,93.28648366666665,101.14333333333333
2012-05-31,12.29101963,91.260495,1150.9,103.36,2012,5,May,2,2012,1.025372899999999,0.6259990000000073,-2.3200000000000074,1.90456795261158,90.86950433333334,102.38666666666667,1125.8366666666668,93.28648366666665,101.14333333333333
2012-06-30,11.26456342,94.115084,1059.13,100.84,2012,6,June,2,2012,-1.0264562099999992,2.85458899999999,-2.519999999999996,-7.973759666348068,92.00335833333332,103.29333333333334,1113.14,93.28648366666665,101.14333333333333
2012-07-31,9.597983454,94.377875,1136.72,99.9,2012,7,July,3,2013,-1.6665799660000005,0.2627910000000071,-0.9399999999999977,7.325824025379313,93.25115133333334,101.36666666666667,1115.5833333333333,93.28648366666665,101.14333333333333
2012-08-31,9.057878633,94.465991,1215.09,93.57,2012,8,August,3,2013,-0.5401048209999999,0.08811599999999942,-6.3300000000000125,6.894397916813277,94.31965000000001,98.10333333333334,1136.98,93.28648366666665,101.14333333333333
2012-09-30,8.794952681,94.587724,1147.8,99.9,2012,9,September,3,2013,-0.2629259519999998,0.12173299999999188,6.3300000000000125,-5.537861392983235,94.47719666666666,97.79,1166.5366666666666,93.28648366666665,101.14333333333333
2012-10-31,7.655948753,95.348718,1359.1,106.72,2012,10,October,4,2013,-1.1390039280000002,0.7609940000000108,6.819999999999993,18.409130510541893,94.800811,100.06333333333333,1240.6633333333332,93.28648366666665,101.14333333333333
2012-11-30,6.927131783,95.992598,1133.47,108.45,2012,11,November,4,2013,-0.7288169699999996,0.6438799999999958,1.730000000000004,-16.60142741520123,95.30968,105.02333333333333,1213.4566666666667,93.28648366666665,101.14333333333333
2012-12-31,7.931551336,97.187015,1119.35,106.6,2012,12,December,4,2013,1.004419553,1.1944170000000014,-1.8500000000000085,-1.2457321323017023,96.17611033333334,107.25666666666666,1203.9733333333331,93.28648366666665,101.14333333333333
2013-01-31,8.069873293,97.471975,1154.67,103.07,2013,1,January,1,2013,0.1383219570000005,0.2849599999999981,-3.530000000000001,3.155402689060627,96.88386266666667,106.04,1135.83,101.50806016666667,104.32333333333332
2013-02-28,7.383332311,97.968676,1123.75,105.49,2013,2,February,1,2013,-0.6865409820000004,0.4967010000000016,2.4200000000000017,-2.6778213688759656,97.54255533333334,105.05333333333333,1132.59,101.50806016666667,104.32333333333332
2013-03-31,6.570493393,98.0605,1076.9,106.65,2013,3,March,1,2013,-0.8128389180000006,0.09182400000000257,1.1600000000000108,-4.169076751946599,97.833717,105.07,1118.44,101.50806016666667,104.32333333333332
2013-04-30,5.797619048,98.311858,1208.55,97.31,2013,4,April,2,2013,-0.772874345,0.2513579999999962,-9.340000000000003,12.224904819388982,98.11367800000001,103.14999999999999,1136.3999999999999,101.50806016666667,104.32333333333332
2013-05-31,5.131524745,98.373877,1144.33,97.31,2013,5,May,2,2013,-0.6660943029999995,0.062018999999992275,0.0,-5.313805800339255,98.24874499999999,100.42333333333333,1143.26,101.50806016666667,104.32333333333332
2013-06-30,5.853285487,98.579647,987.25,99.77,2013,6,June,2,2013,0.7217607419999998,0.20577000000000112,2.4599999999999937,-13.726809574161292,98.42179399999999,98.13,1113.3766666666668,101.50806016666667,104.32333333333332
2013-07-31,8.262074659,100.475364,1431.79,103.27,2013,7,July,3,2014,2.4087891719999996,1.8957170000000048,3.5,45.02810838186881,99.14296266666666,100.11666666666667,1187.79,101.50806016666667,104.32333333333332
2013-08-31,8.545210123,102.933057,1230.57,104.5,2013,8,August,3,2014,0.2831354640000008,2.457693000000006,1.230000000000004,-14.053736930695148,100.66268933333333,102.51333333333334,1216.5366666666666,101.50806016666667,104.32333333333332
2013-09-30,7.388077012,105.248845,1296.1,106.72,2013,9,September,3,2014,-1.1571331110000003,2.3157879999999977,2.219999999999999,5.32517451262422,102.88575533333334,104.83,1319.4866666666665,101.50806016666667,104.32333333333332
2013-10-31,9.081455806,106.196588,1388.88,107.97,2013,10,October,4,2014,1.6933787939999991,0.9477430000000027,1.25,7.158398271738298,104.79283,106.39666666666666,1305.1833333333334,101.50806016666667,104.32333333333332
2013-11-30,10.89780768,107.505379,1208.96,109.13,2013,11,November,4,2014,1.8163518740000004,1.3087909999999994,1.1599999999999966,-12.954322907666615,106.31693733333334,107.94,1297.98,101.50806016666667,104.32333333333332
2013-12-31,9.177178567,106.970956,1370.12,110.69,2013,12,December,4,2014,-1.7206291129999993,-0.5344230000000039,1.5600000000000023,13.330465854949702,106.89097433333332,109.26333333333332,1322.6533333333334,101.50806016666667,104.32333333333332
2014-01-31,7.911212294,105.385735,1321.05,111.19,2014,1,January,1,2014,-1.265966273,-1.5852210000000042,0.5,-3.581438122208269,106.62069000000001,110.33666666666666,1300.0433333333333,100.95253724999999,104.85333333333334
2014-02-28,7.93215693,105.060519,1328.61,112.65,2014,2,February,1,2014,0.020944635999999406,-0.3252159999999975,1.460000000000008,0.5722720563188233,105.80573666666668,111.51,1339.9266666666665,100.95253724999999,104.85333333333334
2014-03-31,8.531452622,99.977739,1291.53,113.29,2014,3,March,1,2014,0.5992956920000001,-5.08278,0.6400000000000006,-2.790886716192109,103.47466433333334,112.37666666666667,1313.7299999999998,100.95253724999999,104.85333333333334
2014-04-30,9.181951165,97.492761,1308.88,112.65,2014,4,April,2,2014,0.6504985429999994,-2.484977999999998,-0.6400000000000006,1.343367943446938,100.84367300000001,112.86333333333334,1309.6733333333332,100.95253724999999,104.85333333333334
2014-05-31,8.340330255,98.594713,1387.81,110.5,2014,5,May,2,2014,-0.8416209099999996,1.1019519999999972,-2.1500000000000057,6.0303465558339875,98.68840433333332,112.14666666666666,1329.4066666666668,100.95253724999999,104.85333333333334
2014-06-30,8.224963877,98.467899,1401.7,107.97,2014,6,June,2,2014,-0.11536637799999916,-0.12681399999999599,-2.530000000000001,1.000857466079652,98.18512433333335,110.37333333333333,1366.13,100.95253724999999,104.85333333333334
2014-07-31,7.882122236,98.654342,1623.92,106.72,2014,7,July,3,2015,-0.3428416410000006,0.18644299999999703,-1.25,15.85360633516444,98.572318,108.39666666666666,1471.1433333333334,100.95253724999999,104.85333333333334
2014-08-31,6.994776803,100.089726,1271.36,103.27,2014,8,August,3,2015,-0.8873454330000001,1.435383999999999,-3.450000000000003,-21.71042908517662,99.07065566666665,105.98666666666666,1432.3266666666666,100.95253724999999,104.85333333333334
2014-09-30,7.679015012,102.342495,1764.04,101.57,2014,9,September,3,2015,0.6842382090000001,2.2527690000000007,-1.7000000000000028,38.7522023659703,100.36218766666667,103.85333333333334,1553.1066666666666,100.95253724999999,104.85333333333334
2014-10-31,5.820358013,102.753697,1437.52,99.77,2014,10,October,4,2015,-1.858656999,0.41120200000000295,-1.7999999999999972,-18.50978435863132,101.72863933333333,101.53666666666668,1490.9733333333334,100.95253724999999,104.85333333333334
2014-11-30,3.964227812,101.787426,1442.32,94.13,2014,11,November,4,2015,-1.856130201,-0.9662710000000061,-5.640000000000001,0.33390839779621206,102.29453933333333,98.49000000000001,1547.96,100.95253724999999,104.85333333333334
2014-12-31,4.298282807,100.823395,1618.36,84.53,2014,12,December,4,2015,0.3340549949999998,-0.9640309999999914,-9.599999999999994,12.205335847800768,101.78817266666668,92.81,1499.3999999999999,100.95253724999999,104.85333333333334
2015-01-31,3.876582278,100.683449,1485.46,78.61,2015,1,January,1,2015,-0.42170052899999977,-0.139946000000009,-5.920000000000002,-8.212017103734636,101.09809,85.75666666666666,1515.3799999999999,102.654916,75.61166666666666
2015-02-28,3.243386243,101.365126,1566.02,70.29,2015,2,February,1,2015,-0.6331960350000001,0.6816770000000076,-8.319999999999993,5.423235899990564,100.95732333333335,77.81,1556.6133333333335,102.654916,75.61166666666666
2015-03-31,2.489256891,101.759752,1559.94,72.96,2015,3,March,1,2015,-0.7541293519999996,0.39462600000000236,2.6699999999999875,-0.3882453608510694,101.26944233333334,73.95333333333333,1537.14,102.654916,75.61166666666666
2015-04-30,2.112748634,101.700434,1643.38,74.29,2015,4,April,2,2015,-0.37650825700000023,-0.059318000000004645,1.3300000000000125,5.348923676551665,101.60843733333336,72.51333333333334,1589.78,102.654916,75.61166666666666
2015-05-31,3.156807027,101.804258,1600.88,77.79,2015,5,May,2,2015,1.0440583930000003,0.10382400000000302,3.5,-2.586133456656403,101.75481466666668,75.01333333333334,1601.3999999999999,102.654916,75.61166666666666
2015-06-30,3.158056896,101.77253,1645.44,78.61,2015,6,June,2,2015,0.0012498690000000146,-0.03172800000000109,0.8199999999999932,2.783469091999402,101.759074,76.89666666666668,1629.9000000000003,102.654916,75.61166666666666
2015-07-31,1.949002777,101.719449,1572.79,76.76,2015,7,July,3,2016,-1.2090541190000001,-0.05308100000000593,-1.8499999999999943,-4.4152323998444265,101.76541233333334,77.72000000000001,1606.3700000000001,102.654916,75.61166666666666
2015-08-31,1.786612984,102.336099,1518.54,73.2,2015,8,August,3,2016,-0.162389793,0.616650000000007,-3.5600000000000023,-3.449284392703411,101.94269266666667,76.19,1578.9233333333334,102.654916,75.61166666666666
2015-09-30,1.323971916,104.206806,1783.2,73.2,2015,9,September,3,2016,-0.46264106799999993,1.870706999999996,0.0,17.42858271761034,102.75411799999999,74.38666666666667,1624.8433333333332,102.654916,75.61166666666666
2015-10-31,1.611530954,104.480661,1515.71,76.76,2015,10,October,4,2016,0.28755903799999993,0.2738549999999975,3.5600000000000023,-15.000560789591743,103.67452199999998,74.38666666666667,1605.8166666666666,102.654916,75.61166666666666
2015-11-30,2.731525731,105.372587,1739.65,78.61,2015,11,November,4,2016,1.119994777,0.891925999999998,1.8499999999999943,14.774594084620407,104.68668466666666,76.19,1679.5199999999998,102.654916,75.61166666666666
2015-12-31,3.186137507,104.657841,1601.63,76.26,2015,12,December,4,2016,0.45461177600000013,-0.714745999999991,-2.3499999999999943,-7.93377978328974,104.83702966666665,77.21000000000001,1618.9966666666667,102.654916,75.61166666666666
2016-01-31,3.320639756,104.838848,1553.01,71.5,2016,1,January,1,2016,0.13450224899999963,0.18100699999999392,-4.760000000000005,-3.035657423999305,104.95642533333334,75.45666666666666,1631.43,104.66376741666666,76.53750000000001
2016-02-29,4.022959053,104.623177,1680.75,71.5,2016,2,February,1,2016,0.7023192970000003,-0.2156710000000004,0.0,8.225317287074784,104.706622,73.08666666666666,1611.7966666666669,104.66376741666666,76.53750000000001
2016-03-31,3.942322442,104.647001,1663.62,70.29,2016,3,March,1,2016,-0.08063661100000008,0.02382400000000473,-1.2099999999999937,-1.019187862561366,104.70300866666666,71.09666666666668,1632.46,104.66376741666666,76.53750000000001
2016-04-30,4.173395236,104.673794,1665.11,72.0,2016,4,April,2,2016,0.23107279400000014,0.026792999999997846,1.7099999999999937,0.0895637224846979,104.64799066666667,71.26333333333334,1669.8266666666666,104.66376741666666,76.53750000000001
2016-05-31,3.170389662,104.678739,1732.82,74.96,2016,5,May,2,2016,-1.0030055740000003,0.004944999999992206,2.9599999999999937,4.066398015746708,104.66651133333335,72.41666666666667,1687.1833333333332,104.66376741666666,76.53750000000001
2016-06-30,3.190800936,104.586375,1678.88,75.5,2016,6,June,2,2016,0.0204112740000002,-0.09236399999998923,0.5400000000000063,-3.112844957929839,104.64630266666666,74.15333333333332,1692.2699999999998,104.66376741666666,76.53750000000001
2016-07-31,4.12371134,104.73875,1428.85,76.76,2016,7,July,3,2017,0.9329104039999998,0.15237499999999216,1.2600000000000051,-14.892666539597844,104.66795466666667,75.74,1613.5166666666667,104.66376741666666,76.53750000000001
2016-08-31,3.564894932,104.622119,1761.44,78.61,2016,8,August,3,2017,-0.5588164079999998,-0.11663099999999815,1.8499999999999943,23.27676103159886,104.64908133333334,76.95666666666666,1623.0566666666666,104.66376741666666,76.53750000000001
2016-09-30,3.880419719,104.539576,1617.19,80.65,2016,9,September,3,2017,0.31552478699999975,-0.08254300000000114,2.0400000000000063,-8.189322372604234,104.63348166666667,78.67333333333333,1602.4933333333336,104.66376741666666,76.53750000000001
2016-10-31,4.206274935,104.598489,1587.04,81.33,2016,10,October,4,2017,0.3258552159999999,0.05891300000000399,0.6799999999999926,-1.864344944007823,104.586728,80.19666666666666,1655.2233333333334,104.66376741666666,76.53750000000001
2016-11-30,3.81451376,104.693531,1730.16,82.1,2016,11,November,4,2017,-0.39176117499999963,0.0950419999999923,0.769999999999996,9.018046174009475,104.61053199999999,81.36,1644.7966666666669,104.66376741666666,76.53750000000001
2016-12-31,3.698414262,104.72481,1570.11,83.25,2016,12,December,4,2017,-0.11609949800000008,0.03127900000001205,1.1500000000000057,-9.250589540851728,104.67227666666668,82.22666666666667,1629.1033333333332,104.66376741666666,76.53750000000001
2017-01-31,3.661113568,104.730126,1584.62,85.23,2017,1,January,1,2017,-0.0373006939999998,0.005315999999993437,1.980000000000004,0.9241390730585719,104.71615566666667,83.52666666666667,1628.2966666666664,105.32505041666667,86.56
2017-02-28,4.217164253,104.720417,1568.43,87.92,2017,2,February,1,2017,0.5560506849999998,-0.009709000000000856,2.6899999999999977,-1.0216960533124597,104.72511766666666,85.46666666666668,1574.3866666666665,105.32505041666667,86.56
2017-03-31,4.939000394,104.741682,1642.85,89.1,2017,3,March,1,2017,0.7218361409999998,0.021264999999999645,1.1799999999999926,4.744872260795807,104.73074166666667,87.41666666666667,1598.6333333333332,105.32505041666667,86.56
2017-04-30,4.78128179,104.7474,1550.27,88.41,2017,4,April,2,2017,-0.15771860399999937,0.005718000000001666,-0.6899999999999977,-5.635328849255861,104.73649966666666,88.47666666666667,1587.1833333333334,105.32505041666667,86.56
2017-05-31,5.019661149,104.738087,1775.37,86.4,2017,5,May,2,2017,0.23837935899999962,-0.0093130000000059,-2.009999999999991,14.52005134589458,104.74238966666667,87.96999999999998,1656.1633333333332,105.32505041666667,86.56
2017-06-30,3.931500241,104.770211,1772.68,84.53,2017,6,June,2,2017,-1.0881609079999999,0.032124000000010255,-1.8700000000000045,-0.15151771180090812,104.75189933333333,86.44666666666667,1699.4399999999998,105.32505041666667,86.56
2017-07-31,2.908415842,105.424984,1389.69,83.25,2017,7,July,3,2018,-1.023084399,0.6547729999999916,-1.2800000000000011,-21.605140239637155,104.97776066666667,84.72666666666667,1645.9133333333332,105.32505041666667,86.56
2017-08-31,3.413539578,105.307931,1971.41,82.1,2017,8,August,3,2018,0.5051237359999998,-0.11705299999999852,-1.1500000000000057,41.85969532773497,105.16770866666667,83.29333333333334,1711.2600000000002,105.32505041666667,86.56
2017-09-30,3.859348199,105.32069,1315.44,84.53,2017,9,September,3,2018,0.44580862099999985,0.01275900000000263,2.430000000000007,-33.27415403188581,105.35120166666665,83.29333333333334,1558.8466666666666,105.32505041666667,86.56
2017-10-31,3.800160703,105.33906,1707.89,87.8,2017,10,October,4,2018,-0.05918749599999984,0.01837000000000444,3.269999999999996,29.834123943319348,105.32256033333333,84.80999999999999,1664.9133333333336,105.32505041666667,86.56
2017-11-30,3.966794019,105.362649,1696.08,89.1,2017,11,November,4,2018,0.16663331599999998,0.023589000000001192,1.2999999999999972,-0.6914965249518512,105.34079966666667,87.14333333333332,1573.1366666666665,105.32505041666667,86.56
2017-12-31,4.57330104,108.697368,1731.94,90.35,2017,12,December,4,2018,0.6065070209999996,3.3347189999999927,1.25,2.1142870619310417,106.46635900000001,89.08333333333333,1711.97,105.32505041666667,86.56
2018-01-31,4.42305869,110.403041,1781.67,92.0,2018,1,January,1,2018,-0.1502423499999992,1.7056730000000044,1.6500000000000057,2.8713465824451223,108.15435266666667,90.48333333333333,1736.5633333333333,121.43859825,101.08833333333332
2018-02-28,3.800699631,110.434192,1634.35,94.25,2018,2,February,1,2018,-0.6223590590000003,0.031150999999994156,2.25,-8.26864683134364,109.84486700000001,92.2,1715.9866666666667,121.43859825,101.08833333333332
2018-03-31,3.24864054,112.068851,1736.32,96.0,2018,3,March,1,2018,-0.5520590910000003,1.6346589999999992,1.75,6.239177654725125,110.96869466666665,94.08333333333333,1717.4466666666667,121.43859825,101.08833333333332
2018-04-30,3.675450763,115.421634,1687.56,97.8,2018,4,April,2,2018,0.4268102230000004,3.3527830000000023,1.7999999999999972,-2.8082381127902734,112.64155899999999,96.01666666666667,1686.0766666666666,121.43859825,101.08833333333332
2018-05-31,4.192668608,115.44688,1649.59,99.99,2018,5,May,2,2018,0.5172178449999998,0.02524599999999566,2.1899999999999977,-2.249994074284767,114.312455,97.92999999999999,1691.1566666666665,121.43859825,101.08833333333332
2018-06-30,5.207704804,118.905517,1505.71,101.79,2018,6,June,2,2018,1.0150361959999996,3.45863700000001,1.8000000000000114,-8.722167326426556,116.59134366666666,99.86,1614.2866666666666,121.43859825,101.08833333333332
2018-07-31,5.832832231,124.353414,1918.26,103.27,2018,7,July,3,2019,0.6251274270000007,5.4478969999999975,1.4799999999999898,27.39903434260249,119.56860366666668,101.68333333333332,1691.1866666666665,121.43859825,101.08833333333332
2018-08-31,5.844605512,123.789583,2085.22,104.5,2018,8,August,3,2019,0.011773280999999969,-0.5638310000000075,1.230000000000004,8.703721080562588,122.34950466666665,103.18666666666667,1836.3966666666665,121.43859825,101.08833333333332
2018-09-30,5.110560602,124.081628,1500.19,106.72,2018,9,September,3,2019,-0.7340449100000006,0.29204500000000166,2.219999999999999,-28.05603245700693,124.074875,104.83,1834.5566666666666,121.43859825,101.08833333333332
2018-10-31,6.775647739,130.383058,2056.12,108.45,2018,10,October,4,2019,1.6650871370000004,6.3014300000000105,1.730000000000004,37.057306074563876,126.08475633333335,106.55666666666667,1880.51,121.43859825,101.08833333333332
2018-11-30,6.501224934,133.504122,1753.53,106.72,2018,11,November,4,2019,-0.2744228050000004,3.12106399999999,-1.730000000000004,-14.716553508550078,129.322936,107.29666666666667,1769.9466666666667,121.43859825,101.08833333333332
2018-12-31,6.167120799,138.471259,1731.9,101.57,2018,12,December,4,2019,-0.3341041349999996,4.967137000000008,-5.150000000000006,-1.2335118304220516,134.11947966666665,105.58,1847.1833333333334,121.43859825,101.08833333333332
2019-01-31,7.191174468,138.695078,1870.36,95.33,2019,1,January,1,2019,1.0240536689999997,0.22381899999999177,-6.239999999999995,7.9946879150066374,136.89015299999997,101.20666666666666,1785.2633333333333,149.8181445,97.1125
2019-02-28,8.21113034,138.530726,1749.29,94.13,2019,2,February,1,2019,1.0199558720000006,-0.16435200000000805,-1.2000000000000028,-6.473085395324962,138.56568766666666,97.00999999999999,1783.8500000000001,149.8181445,97.1125
2019-03-31,9.412031782,139.166346,1659.25,92.89,2019,3,March,1,2019,1.2009014419999993,0.6356200000000172,-1.2399999999999949,-5.147231162357302,138.79738333333333,94.11666666666666,1759.6333333333332,149.8181445,97.1125
2019-04-30,8.820512821,141.164561,1775.26,96.0,2019,4,April,2,2019,-0.5915189610000002,1.9982149999999876,3.1099999999999994,6.991713123399124,139.62054433333333,94.33999999999999,1727.9333333333334,149.8181445,97.1125
2019-05-31,9.112688554,145.69225,1924.32,98.55,2019,5,May,2,2019,0.29217573300000055,4.527689000000009,2.549999999999997,8.396516566587419,142.00771899999998,95.81333333333333,1786.2766666666666,149.8181445,97.1125
2019-06-30,8.889575153,155.249095,1658.2,99.99,2019,6,June,2,2019,-0.22311340100000088,9.55684500000001,1.4399999999999977,-13.82930074000166,147.36863533333334,98.18,1785.9266666666665,149.8181445,97.1125
2019-07-31,10.34090909,158.829694,1976.17,100.84,2019,7,July,3,2020,1.4513339370000011,3.580598999999978,0.8500000000000085,19.17561210951635,153.257013,99.79333333333334,1852.8966666666665,149.8181445,97.1125
2019-08-31,11.63257295,158.077024,1687.1,99.1,2019,8,August,3,2020,1.2916638599999999,-0.7526699999999948,-1.740000000000009,-14.627790119271122,157.38527100000002,99.97666666666667,1773.8233333333335,149.8181445,97.1125
2019-09-30,12.5523743,156.176407,1775.28,96.0,2019,9,September,3,2020,0.9198013500000002,-1.9006169999999827,-3.0999999999999943,5.226720407800367,157.694375,98.64666666666666,1812.8500000000001,149.8181445,97.1125
2019-10-31,11.07509915,155.949085,1986.54,95.33,2019,10,October,4,2020,-1.4772751500000005,-0.22732200000001512,-0.6700000000000017,11.900094632959313,156.734172,96.81,1816.3066666666666,149.8181445,97.1125
2019-11-30,12.28541001,155.367457,1921.23,97.2,2019,11,November,4,2020,1.2103108599999999,-0.5816279999999949,1.8700000000000045,-3.2876257211030158,155.830983,96.17666666666666,1894.3499999999997,149.8181445,97.1125
2019-12-31,12.42193515,154.920011,2096.97,99.99,2019,12,December,4,2020,0.13652513999999982,-0.44744600000001356,2.789999999999992,9.147265033338003,155.41218433333333,97.50666666666666,2001.58,149.8181445,97.1125
2020-01-31,13.07017915,154.656144,2058.87,106.0,2020,1,January,1,2020,0.648244,-0.2638669999999763,6.010000000000005,-1.8169072518920082,154.98120400000002,101.06333333333333,2025.6899999999998,161.61660641666666,98.56166666666667
2020-02-29,12.03232187,154.263358,2029.44,104.5,2020,2,February,1,2020,-1.037857279999999,-0.39278600000000097,-1.5,-1.4294248786955843,154.613171,103.49666666666667,2061.76,161.61660641666666,98.56166666666667
2020-03-31,10.74363018,158.44718,1815.43,98.55,2020,3,March,1,2020,-1.2886916900000003,4.183821999999992,-5.950000000000003,-10.545273573005364,155.788894,103.01666666666667,1967.9133333333332,161.61660641666666,98.56166666666667
2020-04-30,9.461951399,164.437274,1759.19,85.0,2020,4,April,2,2020,-1.281678781,5.990093999999999,-13.549999999999997,-3.0978886544785533,159.04927066666667,96.01666666666667,1868.0200000000002,161.61660641666666,98.56166666666667
2020-05-31,8.23,160.076694,1823.79,81.0,2020,5,May,2,2020,-1.2319513989999997,-4.360579999999999,-4.0,3.672144566533464,160.98704933333332,88.18333333333334,1799.47,161.61660641666666,98.56166666666667
2020-06-30,8.59,165.103864,2176.99,76.0,2020,6,June,2,2020,0.35999999999999943,5.027169999999984,-5.0,19.36626475635901,163.20594400000002,80.66666666666667,1919.9899999999998,161.61660641666666,98.56166666666667
2020-07-31,9.3,166.762519,2700.87,100.1,2020,7,July,3,2021,0.7100000000000009,1.6586550000000102,24.099999999999994,24.064419221034548,163.98102566666668,85.69999999999999,2233.883333333333,161.61660641666666,98.56166666666667
2020-08-31,8.21,167.706397,2091.98,103.27,2020,8,August,3,2021,-1.0899999999999999,0.9438780000000122,3.1700000000000017,-22.544217233706178,166.52426,93.12333333333333,2323.28,161.61660641666666,98.56166666666667
2020-09-30,9.03,165.854091,2346.34,104.5,2020,9,September,3,2021,0.8199999999999985,-1.8523059999999987,1.230000000000004,12.158816049866639,166.7743356666667,102.62333333333333,2379.73,161.61660641666666,98.56166666666667
2020-10-31,8.91,162.799992,2258.01,106.72,2020,10,October,4,2021,-0.11999999999999922,-3.054099000000008,2.219999999999999,-3.764586547559179,165.45349333333334,104.83,2232.11,161.61660641666666,98.56166666666667
2020-11-30,8.35,159.21225,2459.25,107.97,2020,11,November,4,2021,-0.5600000000000005,-3.5877419999999915,1.25,8.912272310574343,162.62211100000002,106.39666666666666,2354.5333333333333,161.61660641666666,98.56166666666667
2020-12-31,7.98,160.079514,2428.0,109.13,2020,12,December,4,2021,-0.3699999999999992,0.8672639999999774,1.1599999999999966,-1.2707126156348503,160.697252,107.94,2381.7533333333336,161.61660641666666,98.56166666666667
2021-01-31,5.7,160.153552,2456.41,111.19,2021,1,January,1,2021,-2.2800000000000002,0.0740380000000016,2.0600000000000023,1.1700988467874707,159.81510533333332,109.42999999999999,2447.8866666666668,162.62523241666665,122.24083333333333
2021-02-28,8.7,159.131343,2508.77,112.65,2021,2,February,1,2021,2.999999999999999,-1.0222090000000037,1.460000000000008,2.1315659845058565,159.78813633333334,110.99000000000001,2464.3933333333334,162.62523241666665,122.24083333333333
2021-03-31,9.1,156.029765,2586.98,114.1,2021,3,March,1,2021,0.40000000000000036,-3.1015779999999893,1.4499999999999886,3.1174639365107115,158.43822,112.64666666666666,2517.3866666666668,162.62523241666665,122.24083333333333
2021-04-30,11.1,153.076852,2568.15,117.0,2021,4,April,2,2021,2.0,-2.9529129999999952,2.9000000000000057,-0.7278757470100206,156.07932,114.58333333333333,2554.6333333333337,162.62523241666665,122.24083333333333
2021-05-31,10.86176628,153.29278,2475.12,118.55,2021,5,May,2,2021,-0.2382337200000002,0.21592799999999102,1.5499999999999972,-3.622451959581807,154.13313233333335,116.55,2543.4166666666665,162.62523241666665,122.24083333333333
2021-06-30,9.655669291,156.163793,2532.87,119.9,2021,6,June,2,2021,-1.2060969889999988,2.871013000000005,1.3500000000000085,2.3332202075050823,154.17780833333333,118.48333333333333,2525.38,162.62523241666665,122.24083333333333
2021-07-31,8.405968385,159.601571,2679.97,120.5,2021,7,July,3,2022,-1.249700906000001,3.4377780000000087,0.5999999999999943,5.80764113436536,156.35271466666666,119.64999999999999,2562.653333333333,162.62523241666665,122.24083333333333
2021-08-31,8.353519783,164.099741,2749.49,121.0,2021,8,August,3,2022,-0.05244860200000012,4.498169999999988,0.5,2.5940588887189087,159.95503499999998,120.46666666666665,2654.11,162.62523241666665,122.24083333333333
2021-09-30,8.979178716,168.05674,2784.31,123.0,2021,9,September,3,2022,0.6256589330000004,3.956998999999996,2.0,1.2664166809117416,163.91935066666667,121.5,2737.9233333333336,162.62523241666665,122.24083333333333
2021-10-31,9.2,171.694793,2596.17,128.0,2021,10,October,4,2022,0.22082128399999945,3.6380530000000135,5.0,-6.757149886327307,167.95042466666666,124.0,2709.9900000000002,162.62523241666665,122.24083333333333
2021-11-30,11.5,173.025502,2593.99,137.0,2021,11,November,4,2022,2.3000000000000007,1.3307089999999846,9.0,-0.08396984789132977,170.9256783333333,129.33333333333334,2658.1566666666663,162.62523241666665,122.24083333333333
2021-12-31,12.28169814,177.176357,2533.04,144.0,2021,12,December,4,2022,0.7816981399999996,4.150855000000007,7.0,-2.3496621035547505,173.96555066666664,136.33333333333334,2574.4,162.62523241666665,122.24083333333333
2022-01-31,12.96243597,176.310845,2370.2,147.83,2022,1,January,1,2022,0.68073783,-0.8655119999999954,3.8300000000000125,-6.428639105580647,175.50423466666666,142.94333333333336,2499.0766666666664,204.51617487500002,196.24750000000003
2022-02-28,12.24404221,175.482276,2419.02,159.86,2022,2,February,1,2022,-0.7183937599999997,-0.8285689999999875,12.030000000000001,2.0597417939414386,176.32315933333334,150.56333333333336,2440.7533333333336,204.51617487500002,196.24750000000003
2022-03-31,12.7,179.617273,2687.5,149.86,2022,3,March,1,2022,0.45595778999999936,4.1349969999999985,-10.0,11.098709394713557,177.136798,152.51666666666668,2492.24,204.51617487500002,196.24750000000003
2022-04-30,13.37790337,184.481334,2639.2,149.86,2022,4,April,2,2022,0.677903370000001,4.864060999999992,0.0,-1.7972093023255864,179.86029433333337,153.19333333333336,2581.9066666666663,204.51617487500002,196.24750000000003
2022-05-31,13.8,195.500402,2507.03,149.86,2022,5,May,2,2022,0.4220966300000004,11.019068000000004,0.0,-5.007956956653514,186.533003,149.86,2611.2433333333333,204.51617487500002,196.24750000000003
2022-06-30,21.3,204.367422,2611.55,233.89,2022,6,June,2,2022,7.5,8.867019999999997,84.02999999999997,4.169076556722495,194.78305266666666,177.87,2585.9266666666667,204.51617487500002,196.24750000000003
2022-07-31,24.9,219.437089,2550.85,236.0,2022,7,July,3,2023,3.599999999999998,15.069666999999981,2.1100000000000136,-2.3242901725029297,206.434971,206.58333333333334,2556.476666666667,204.51617487500002,196.24750000000003
2022-08-31,27.3,220.886305,2882.68,235.98,2022,8,August,3,2023,2.400000000000002,1.449216000000007,-0.020000000000010232,13.008604974812311,214.89693866666664,235.28999999999996,2681.693333333333,204.51617487500002,196.24750000000003
2022-09-30,23.2,230.4658621,2498.96,237.43,2022,9,September,3,2023,-4.100000000000001,9.579557100000017,1.450000000000017,-13.311224277408517,223.5964187,236.47,2644.1633333333334,204.51617487500002,196.24750000000003
2022-10-31,26.6,220.57243,2219.89,224.8,2022,10,October,4,2023,3.400000000000002,-9.893432100000012,-12.629999999999995,-11.167445657393483,223.9748657,232.73666666666668,2533.843333333333,204.51617487500002,196.24750000000003
2022-11-30,23.8,222.3104544,2291.28,214.8,2022,11,November,4,2023,-2.8000000000000007,1.7380244000000005,-10.0,3.215925113406537,224.44958216666666,225.67666666666665,2336.71,204.51617487500002,196.24750000000003
2022-12-31,24.5,224.762406,2111.78,214.8,2022,12,December,4,2023,0.6999999999999993,2.451951600000001,0.0,-7.834049090464723,222.54843013333334,218.13333333333335,2207.65,204.51617487500002,196.24750000000003
2023-01-31,27.6,234.1359524,2080.99,249.8,2023,1,January,1,2023,3.1000000000000014,9.37354640000001,35.0,-1.4580117247061875,227.0696042666667,226.4666666666667,2161.3500000000004,279.9811290833333,271.42333333333335
2023-02-28,31.5,266.6764367,2167.38,269.8,2023,2,February,1,2023,3.8999999999999986,32.5404843,20.0,4.1513894828903775,241.8582650333333,244.80000000000004,2120.0499999999997,279.9811290833333,271.42333333333335
2023-03-31,35.4,280.2024795,2353.96,272.0,2023,3,March,1,2023,3.8999999999999986,13.52604279999997,2.1999999999999886,8.608550415709292,260.33828953333335,263.86666666666673,2200.7766666666666,279.9811290833333,271.42333333333335
2023-04-30,36.4,284.9456592,2160.39,282.0,2023,4,April,2,2023,1.0,4.7431797000000415,10.0,-8.223164369827874,277.27485846666667,274.59999999999997,2227.2433333333333,279.9811290833333,271.42333333333335
2023-05-31,38.0,285.4859718,1963.48,281.0,2023,5,May,2,2023,1.6000000000000014,0.5403125999999929,-1.0,-9.114558019616826,283.5447035,278.3333333333333,2159.2766666666666,279.9811290833333,271.42333333333335
2023-06-30,29.4,286.5840653,2051.83,262.0,2023,6,June,2,2023,-8.600000000000001,1.0980935000000045,-19.0,4.4996638621223495,285.6718987666667,275.0,2058.566666666666,279.9811290833333,271.42333333333335
2023-07-31,28.3,281.007205,1968.74,253.0,2023,7,July,3,2024,-1.0999999999999979,-5.576860300000021,-9.0,-4.049555762416956,284.3590807,265.3333333333333,1994.6833333333334,279.9811290833333,271.42333333333335
2023-08-31,27.4,293.8080564,2176.02,272.0,2023,8,August,3,2024,-0.9000000000000021,12.800851399999999,19.0,10.528561414915117,287.1331089,262.3333333333333,2065.53,279.9811290833333,271.42333333333335
2023-09-30,31.4,297.7541724,2224.67,283.38,2023,9,September,3,2024,4.0,3.9461160000000177,11.379999999999995,2.235733127452866,290.85647793333334,269.46000000000004,2123.1433333333334,279.9811290833333,271.42333333333335
2023-10-31,26.8,280.3567571,2438.33,283.38,2023,10,October,4,2024,-4.599999999999998,-17.397415300000034,0.0,9.604121060651693,290.63966196666667,279.58666666666664,2279.6733333333336,279.9811290833333,271.42333333333335
2023-11-30,29.2,285.5207225,2377.53,281.38,2023,11,November,4,2024,2.3999999999999986,5.163965399999995,-2.0,-2.4935099022691642,287.87721733333336,282.71333333333337,2346.8433333333332,279.9811290833333,271.42333333333335
2023-12-31,29.7,283.2960707,2401.96,267.34,2023,12,December,4,2024,0.5,-2.2246518000000037,-14.04000000000002,1.0275369816574287,283.0578501,277.3666666666666,2405.94,279.9811290833333,271.42333333333335
2024-01-31,28.3,280.3206113,2642.27,259.34,2024,1,January,1,2024,-1.3999999999999986,-2.975459399999977,-8.0,10.004746123998732,283.0458015,269.3533333333333,2473.92,278.4844805,272.15500000000003
2024-02-29,23.1,279.1816697,2431.53,267.34,2024,2,February,1,2024,-5.199999999999999,-1.1389416000000097,8.0,-7.975717848667996,280.9327839,264.6733333333333,2491.9199999999996,278.4844805,272.15500000000003
2024-03-31,20.7,278.7049655,2524.0,274.94,2024,3,March,1,2024,-2.400000000000002,-0.47670419999997193,7.600000000000023,3.802955340875891,279.4024155,267.20666666666665,2532.6,278.4844805,272.15500000000003
2024-04-30,17.3,278.1424501,2913.29,289.94,2024,4,April,2,2024,-3.3999999999999986,-0.5625153999999952,15.0,15.423534072900157,278.6763617666667,277.4066666666667,2622.94,278.4844805,272.15500000000003
2024-05-31,11.8,278.2500821,3091.66,288.0,2024,5,May,2,2024,-5.5,0.10763199999996687,-1.9399999999999977,6.122631114650434,278.36583256666665,284.29333333333335,2842.983333333333,278.4844805,272.15500000000003
2024-06-30,12.6,278.4387221,2974.98,279.0,2024,6,June,2,2024,0.7999999999999989,0.1886400000000208,-9.0,-3.77402431056455,278.27708476666663,285.6466666666667,2993.3099999999995,278.4844805,272.15500000000003
2024-07-31,11.1,278.3912397,3023.53,267.0,2024,7,July,3,2025,-1.5,-0.0474823999999785,-12.0,1.6319437441596252,278.3600146333333,278.0,3030.056666666667,278.4844805,272.15500000000003
2024-08-31,9.6,278.540312,2939.44,253.0,2024,8,August,3,2025,-1.5,0.14907229999994343,-14.0,-2.7811862293412037,278.45675793333334,266.3333333333333,2979.316666666667,278.4844805,272.15500000000003
2024-09-30,6.9,278.2436207,2889.39,262.0,2024,9,September,3,2025,-2.6999999999999993,-0.2966912999999636,9.0,-1.7027052771956597,278.39172413333335,260.6666666666667,2950.786666666667,278.4844805,272.15500000000003
2024-10-31,7.2,277.6704048,3025.97,269.8,2024,10,October,4,2025,0.2999999999999998,-0.5732159000000365,7.800000000000011,4.726949286873694,278.1514458333333,261.59999999999997,2951.6,278.4844805,272.15500000000003
2024-11-30,4.9,277.8093268,3068.39,276.0,2024,11,November,4,2025,-2.3,0.1389220000000364,6.199999999999989,1.4018645260858609,277.9077841,269.26666666666665,2994.5833333333335,278.4844805,272.15500000000003
2024-12-31,4.1,278.1203612,3112.66,279.5,2024,12,December,4,2025,-0.8000000000000007,0.3110343999999827,3.5,1.4427761790385185,277.8666976,275.09999999999997,3069.0066666666667,278.4844805,272.15500000000003
2025-01-31,2.4,278.6442633,3321.83,281.3,2025,1,January,1,2025,-1.6999999999999997,0.5239020999999866,1.8000000000000114,6.719975840599357,278.19131709999994,278.93333333333334,3167.6266666666666,281.2626414833333,274.45758333333333
2025-02-28,1.5,279.304265,3366.5,284.5,2025,2,February,1,2025,-0.8999999999999999,0.6600017000000094,3.1999999999999886,1.344740700156244,278.6896298333333,281.76666666666665,3266.9966666666664,281.2626414833333,274.45758333333333
2025-03-31,0.7,280.0836116,3510.96,287.2,2025,3,March,1,2025,-0.8,0.7793465999999967,2.6999999999999886,4.291103519976236,279.34404663333333,284.3333333333333,3399.763333333334,281.2626414833333,274.45758333333333
2025-04-30,0.3,281.6662931,3232.73,289.1,2025,4,April,2,2025,-0.39999999999999997,1.5826815000000352,1.900000000000034,-7.924613211201493,280.3513899,286.93333333333334,3370.0633333333335,281.2626414833333,274.45758333333333
2025-05-31,3.5,281.6662931,3495.09,292.0,2025,5,May,2,2025,3.2,0.0,2.8999999999999773,8.115741184695292,281.1387326,289.43333333333334,3412.9266666666667,281.2626414833333,274.45758333333333
2025-06-30,3.2,283.0001359,3218.56,257.21500000000003,2025,6,June,2,2025,-0.2999999999999998,1.3338427999999567,-34.78499999999997,-7.911956487529659,282.11090736666665,279.43833333333333,3315.4599999999996,281.2626414833333,274.45758333333333
2025-07-31,4.1,284.2132955,3249.36,271.196,2025,7,July,3,2026,0.8999999999999995,1.21315960000004,13.980999999999995,0.9569496917876341,282.95990816666665,273.4703333333334,3321.0033333333336,281.2626414833333,274.45758333333333
2025-08-31,3.1,282.2447321,3137.34,265.82,2025,8,August,3,2026,-0.9999999999999996,-1.9685633999999936,-5.376000000000033,-3.4474481128591417,283.15272116666665,264.7436666666667,3201.7533333333336,281.2626414833333,274.45758333333333
2025-09-30,5.8,281.6472727,3230.56,265.82,2025,9,September,3,2026,2.6999999999999997,-0.5974594000000479,0.0,2.9713069033002304,282.70176676666665,267.612,3205.7533333333336,281.2626414833333,274.45758333333333
2025-10-31,6.2,281.2675932,3381.72,267.0,2025,10,October,4,2026,0.40000000000000036,-0.379679499999952,1.1800000000000068,4.679064929919274,281.71986599999997,266.2133333333333,3249.873333333333,281.2626414833333,274.45758333333333
2025-11-30,6.1,280.8729821,3360.73,267.15,2025,11,November,4,2026,-0.10000000000000053,-0.3946111000000201,0.14999999999997726,-0.6206900630448375,281.26261600000004,266.6566666666667,3324.336666666666,281.2626414833333,274.45758333333333
2025-12-31,5.6,280.5409602,3641.02,265.19,2025,12,December,4,2026,-0.5,-0.3320219000000293,-1.9599999999999795,8.340152288342107,280.89384516666667,266.44666666666666,3461.1566666666663,281.2626414833333,274.45758333333333
2026-01-31,5.8,280.1535223,3497.98,254.87,2026,1,January,1,2026,0.20000000000000018,-0.38743789999995215,-10.319999999999993,-3.92856946679776,280.5224882,262.4033333333333,3499.91,279.34531345,329.7386111111111
2026-02-28,7.0,279.8070073,3705.15,257.325,2026,2,February,1,2026,1.2000000000000002,-0.3465150000000108,2.454999999999984,5.922561020932093,280.16716326666665,259.12833333333333,3614.7166666666667,279.34531345,329.7386111111111
2026-03-31,7.3,279.5112857,3591.73,309.11,2026,3,March,1,2026,0.2999999999999998,-0.2957216000000358,51.785000000000025,-3.061144623024714,279.82393843333335,273.7683333333334,3598.286666666667,279.34531345,329.7386111111111
2026-04-30,10.9,279.175974,3500.57,367.25,2026,4,April,2,2026,3.6000000000000005,-0.335311699999977,58.139999999999986,-2.538052693270365,279.498089,311.2283333333333,3599.15,279.34531345,329.7386111111111
2026-05-31,11.7,278.8445378,4016.52,410.1233333333333,2026,5,May,2,2026,0.7999999999999989,-0.33143619999998464,42.87333333333328,14.739028215404915,279.1772658333333,362.16111111111104,3702.94,279.34531345,329.7386111111111
2026-06-30,11.1,278.5795536,3210.32,379.7533333333333,2026,6,June,2,2026,-0.5999999999999996,-0.2649842000000149,-30.370000000000005,-20.072102217840314,278.86668846666663,385.70888888888885,3575.8033333333333,279.34531345,329.7386111111111
