Month,Petrol_Price
2010-01-01,66.36
2010-02-01,66.36
2010-03-01,69.03
2010-04-01,71.21
2010-05-01,72.96
2010-06-01,72.96
2010-07-01,70.91
2010-08-01,70.91
2010-09-01,72.52
2010-10-01,74.96
2010-11-01,76.77
2010-12-01,79.67
2011-01-01,84.53
2011-02-01,84.53
2011-03-01,87.92
2011-04-01,88.41
2011-05-01,88.41
2011-06-01,86.71
2011-07-01,85.9
2011-08-01,84.8
2011-09-01,85.9
2011-10-01,87.8
2011-11-01,89.54
2011-12-01,90.79
2012-01-01,94.91
2012-02-01,95.67
2012-03-01,98.12
2012-04-01,105.68
2012-05-01,103.36
2012-06-01,100.84
2012-07-01,99.9
2012-08-01,93.57
2012-09-01,99.9
2012-10-01,106.72
2012-11-01,108.45
2012-12-01,106.6
2013-01-01,103.07
2013-02-01,105.49
2013-03-01,106.65
2013-04-01,97.31
2013-05-01,97.31
2013-06-01,99.77
2013-07-01,103.27
2013-08-01,104.5
2013-09-01,106.72
2013-10-01,107.97
2013-11-01,109.13
2013-12-01,110.69
2014-01-01,111.19
2014-02-01,112.65
2014-03-01,113.29
2014-04-01,112.65
2014-05-01,110.5
2014-06-01,107.97
2014-07-01,106.72
2014-08-01,103.27
2014-09-01,101.57
2014-10-01,99.77
2014-11-01,94.13
2014-12-01,84.53
2015-01-01,78.61
2015-02-01,70.29
2015-03-01,72.96
2015-04-01,74.29
2015-05-01,77.79
2015-06-01,78.61
2015-07-01,76.76
2015-08-01,73.2
2015-09-01,73.2
2015-10-01,76.76
2015-11-01,78.61
2015-12-01,76.26
2016-01-01,71.5
2016-02-01,71.5
2016-03-01,70.29
2016-04-01,72.0
2016-05-01,74.96
2016-06-01,75.5
2016-07-01,76.76
2016-08-01,78.61
2016-09-01,80.65
2016-10-01,81.33
2016-11-01,82.1
2016-12-01,83.25
2017-01-01,85.23
2017-02-01,87.92
2017-03-01,89.1
2017-04-01,88.41
2017-05-01,86.4
2017-06-01,84.53
2017-07-01,83.25
2017-08-01,82.1
2017-09-01,84.53
2017-10-01,87.8
2017-11-01,89.1
2017-12-01,90.35
2018-01-01,92.0
2018-02-01,94.25
2018-03-01,96.0
2018-04-01,97.8
2018-05-01,99.99
2018-06-01,101.79
2018-07-01,103.27
2018-08-01,104.5
2018-09-01,106.72
2018-10-01,108.45
2018-11-01,106.72
2018-12-01,101.57
2019-01-01,95.33
2019-02-01,94.13
2019-03-01,92.89
2019-04-01,96.0
2019-05-01,98.55
2019-06-01,99.99
2019-07-01,100.84
2019-08-01,99.1
2019-09-01,96.0
2019-10-01,95.33
2019-11-01,97.2
2019-12-01,99.99
2020-01-01,106.0
2020-02-01,104.5
2020-03-01,98.55
2020-04-01,85.0
2020-05-01,81.0
2020-06-01,76.0
2020-07-01,100.1
2020-08-01,103.27
2020-09-01,104.5
2020-10-01,106.72
2020-11-01,107.97
2020-12-01,109.13
2021-01-01,111.19
2021-02-01,112.65
2021-03-01,114.1
2021-04-01,117.0
2021-05-01,118.55
2021-06-01,119.9
2021-07-01,120.5
2021-08-01,121.0
2021-09-01,123.0
2021-10-01,128.0
2021-11-01,137.0
2021-12-01,144.0
2022-01-01,147.83
2022-02-01,159.86
2022-03-01,149.86
2022-04-01,149.86
2022-05-01,149.86
2022-06-01,233.89
2022-07-01,236.0
2022-08-01,235.98
2022-09-01,237.43
2022-10-01,224.8
2022-11-01,214.8
2022-12-01,214.8
2023-01-01,249.8
2023-02-01,269.8
2023-03-01,272.0
2023-04-01,282.0
2023-05-01,281.0
2023-06-01,262.0
2023-07-01,253.0
2023-08-01,272.0
2023-09-01,283.38
2023-10-01,283.38
2023-11-01,281.38
2023-12-01,267.34
2024-01-01,259.34
2024-02-01,267.34
2024-03-01,274.94
2024-04-01,289.94
2024-05-01,288.0
2024-06-01,279.0
2024-07-01,267.0
2024-08-01,253.0
2024-09-01,262.0
2024-10-01,269.8
2024-11-01,276.0
2024-12-01,279.5
2025-01-01,281.3
2025-02-01,284.5
2025-03-01,287.2
2025-04-01,289.1
2025-05-01,292.0
2025-06-01,257.21500000000003
2025-07-01,271.196
2025-08-01,265.82
2025-09-01,265.82
2025-10-01,267.0
2025-11-01,267.15
2025-12-01,265.19
2026-01-01,254.86999999999998
2026-02-01,257.325
2026-03-01,309.11
2026-04-01,367.25
2026-05-01,410.1233333333333
2026-06-01,379.75333333333333
2026-07-01,300.405
