Date,Remittances_Million_USD
2005-07-31,320.67
2005-08-31,341.07
2005-09-30,347.82
2005-10-31,328.54
2005-11-30,355.79
2005-12-31,362.2
2006-01-31,403.77
2006-02-28,383.83
2006-03-31,403.56
2006-04-30,399.94
2006-05-31,500.16
2006-06-30,443.95
2006-07-31,385.16
2006-08-31,426.62
2006-09-30,423.05
2006-10-31,422.75
2006-11-30,451.78
2006-12-31,462.43
2007-01-31,407.08
2007-02-28,491.8
2007-03-31,492.56
2007-04-30,507.84
2007-05-31,527.64
2007-06-30,482.44
2007-07-31,502.13
2007-08-31,479.07
2007-09-30,489.88
2007-10-31,603.48
2007-11-30,531.2
2007-12-31,478.73
2008-01-31,568.18
2008-02-29,543.84
2008-03-31,571.02
2008-04-30,584.0
2008-05-31,572.29
2008-06-30,524.64
2008-07-31,632.01
2008-08-31,581.16
2008-09-30,564.6
2008-10-31,539.33
2008-11-30,656.75
2008-12-31,675.25
2009-01-31,653.46
2009-02-28,695.64
2009-03-31,702.56
2009-04-30,689.23
2009-05-31,701.4
2009-06-30,705.4
2009-07-31,743.88
2009-08-31,749.06
2009-09-30,809.4
2009-10-31,761.63
2009-11-30,771.76
2009-12-31,716.03
2010-01-31,690.41
2010-02-28,639.69
2010-03-31,728.29
2010-04-30,745.94
2010-05-31,734.6
2010-06-30,805.84
2010-07-31,783.74
2010-08-31,826.54
2010-09-30,977.8
2010-10-31,879.0
2010-11-30,1008.97
2010-12-31,848.17
2011-01-31,862.62
2011-02-28,919.27
2011-03-31,1007.21
2011-04-30,1017.8
2011-05-31,1014.86
2011-06-30,1052.89
2011-07-31,1079.02
2011-08-31,1132.73
2011-09-30,968.5
2011-10-31,1037.53
2011-11-30,988.05
2011-12-31,1093.42
2012-01-31,1171.17
2012-02-29,1258.75
2012-03-31,1097.22
2012-04-30,1129.39
2012-05-31,1150.9
2012-06-30,1059.13
2012-07-31,1136.72
2012-08-31,1215.09
2012-09-30,1147.8
2012-10-31,1359.1
2012-11-30,1133.47
2012-12-31,1119.35
2013-01-31,1154.67
2013-02-28,1123.75
2013-03-31,1076.9
2013-04-30,1208.55
2013-05-31,1144.33
2013-06-30,987.25
2013-07-31,1431.79
2013-08-31,1230.57
2013-09-30,1296.1
2013-10-31,1388.88
2013-11-30,1208.96
2013-12-31,1370.12
2014-01-31,1321.05
2014-02-28,1328.61
2014-03-31,1291.53
2014-04-30,1308.88
2014-05-31,1387.81
2014-06-30,1401.7
2014-07-31,1623.92
2014-08-31,1271.36
2014-09-30,1764.04
2014-10-31,1437.52
2014-11-30,1442.32
2014-12-31,1618.36
2015-01-31,1485.46
2015-02-28,1566.02
2015-03-31,1559.94
2015-04-30,1643.38
2015-05-31,1600.88
2015-06-30,1645.44
2015-07-31,1572.79
2015-08-31,1518.54
2015-09-30,1783.2
2015-10-31,1515.71
2015-11-30,1739.65
2015-12-31,1601.63
2016-01-31,1553.01
2016-02-29,1680.75
2016-03-31,1663.62
2016-04-30,1665.11
2016-05-31,1732.82
2016-06-30,1678.88
2016-07-31,1428.85
2016-08-31,1761.44
2016-09-30,1617.19
2016-10-31,1587.04
2016-11-30,1730.16
2016-12-31,1570.11
2017-01-31,1584.62
2017-02-28,1568.43
2017-03-31,1642.85
2017-04-30,1550.27
2017-05-31,1775.37
2017-06-30,1772.68
2017-07-31,1389.69
2017-08-31,1971.41
2017-09-30,1315.44
2017-10-31,1707.89
2017-11-30,1696.08
2017-12-31,1731.94
2018-01-31,1781.67
2018-02-28,1634.35
2018-03-31,1736.32
2018-04-30,1687.56
2018-05-31,1649.59
2018-06-30,1505.71
2018-07-31,1918.26
2018-08-31,2085.22
2018-09-30,1500.19
2018-10-31,2056.12
2018-11-30,1753.53
2018-12-31,1731.9
2019-01-31,1870.36
2019-02-28,1749.29
2019-03-31,1659.25
2019-04-30,1775.26
2019-05-31,1924.32
2019-06-30,1658.2
2019-07-31,1976.17
2019-08-31,1687.1
2019-09-30,1775.28
2019-10-31,1986.54
2019-11-30,1921.23
2019-12-31,2096.97
2020-01-31,2058.87
2020-02-29,2029.44
2020-03-31,1815.43
2020-04-30,1759.19
2020-05-31,1823.79
2020-06-30,2176.99
2020-07-31,2700.87
2020-08-31,2091.98
2020-09-30,2346.34
2020-10-31,2258.01
2020-11-30,2459.25
2020-12-31,2428.0
2021-01-31,2456.41
2021-02-28,2508.77
2021-03-31,2586.98
2021-04-30,2568.15
2021-05-31,2475.12
2021-06-30,2532.87
2021-07-31,2679.97
2021-08-31,2749.49
2021-09-30,2784.31
2021-10-31,2596.17
2021-11-30,2593.99
2021-12-31,2533.04
2022-01-31,2370.2
2022-02-28,2419.02
2022-03-31,2687.5
2022-04-30,2639.2
2022-05-31,2507.03
2022-06-30,2611.55
2022-07-31,2550.85
2022-08-31,2882.68
2022-09-30,2498.96
2022-10-31,2219.89
2022-11-30,2291.28
2022-12-31,2111.78
2023-01-31,2080.99
2023-02-28,2167.38
2023-03-31,2353.96
2023-04-30,2160.39
2023-05-31,1963.48
2023-06-30,2051.83
2023-07-31,1968.74
2023-08-31,2176.02
2023-09-30,2224.67
2023-10-31,2438.33
2023-11-30,2377.53
2023-12-31,2401.96
2024-01-31,2642.27
2024-02-29,2431.53
2024-03-31,2524.0
2024-04-30,2913.29
2024-05-31,3091.66
2024-06-30,2974.98
2024-07-31,3023.53
2024-08-31,2939.44
2024-09-30,2889.39
2024-10-31,3025.97
2024-11-30,3068.39
2024-12-31,3112.66
2025-01-31,3321.83
2025-02-28,3366.5
2025-03-31,3510.96
2025-04-30,3232.73
2025-05-31,3495.09
2025-06-30,3218.56
2025-07-31,3249.36
2025-08-31,3137.34
2025-09-30,3230.56
2025-10-31,3381.72
2025-11-30,3360.73
2025-12-31,3641.02
2026-01-31,3497.98
2026-02-28,3705.15
2026-03-31,3591.73
2026-04-30,3500.57
2026-05-31,4016.52
2026-06-30,3210.32
