"Dataset","Series Key","Series","Observation Date","Observation Value","Unit","Observation Status","Observation Status Comment"
"Seasonally Adjusted Workers’ Remittances","TS_GP_ES_SWR_M.SWR0002","Seasonally Adjusted WR (SWR)","30-Jun-2026","3210.32","Million USD","Normal",""
"Seasonally Adjusted Workers’ Remittances","TS_GP_ES_SWR_M.SWR0002","Seasonally Adjusted WR (SWR)","31-May-2026","4016.52","Million USD","Normal",""
"Seasonally Adjusted Workers’ Remittances","TS_GP_ES_SWR_M.SWR0002","Seasonally Adjusted WR (SWR)","30-Apr-2026","3500.57","Million USD","Normal",""
"Seasonally Adjusted Workers’ Remittances","TS_GP_ES_SWR_M.SWR0002","Seasonally Adjusted WR (SWR)","31-Mar-2026","3591.73","Million USD","Normal",""
"Seasonally Adjusted Workers’ Remittances","TS_GP_ES_SWR_M.SWR0002","Seasonally Adjusted WR (SWR)","28-Feb-2026","3705.15","Million USD","Normal",""
"Seasonally Adjusted Workers’ Remittances","TS_GP_ES_SWR_M.SWR0002","Seasonally Adjusted WR (SWR)","31-Jan-2026","3497.98","Million USD","Normal",""
"Seasonally Adjusted Workers’ Remittances","TS_GP_ES_SWR_M.SWR0002","Seasonally Adjusted WR (SWR)","31-Dec-2025","3641.02","Million USD","Normal",""
"Seasonally Adjusted Workers’ Remittances","TS_GP_ES_SWR_M.SWR0002","Seasonally Adjusted WR (SWR)","30-Nov-2025","3360.73","Million USD","Normal",""
"Seasonally Adjusted Workers’ Remittances","TS_GP_ES_SWR_M.SWR0002","Seasonally Adjusted WR (SWR)","31-Oct-2025","3381.72","Million USD","Normal",""
"Seasonally Adjusted Workers’ Remittances","TS_GP_ES_SWR_M.SWR0002","Seasonally Adjusted WR (SWR)","30-Sep-2025","3230.56","Million USD","Normal",""
"Seasonally Adjusted Workers’ Remittances","TS_GP_ES_SWR_M.SWR0002","Seasonally Adjusted WR (SWR)","31-Aug-2025","3137.34","Million USD","Normal",""
"Seasonally Adjusted Workers’ Remittances","TS_GP_ES_SWR_M.SWR0002","Seasonally Adjusted WR (SWR)","31-Jul-2025","3249.36","Million USD","Normal",""
"Seasonally Adjusted Workers’ Remittances","TS_GP_ES_SWR_M.SWR0002","Seasonally Adjusted WR (SWR)","30-Jun-2025","3218.56","Million USD","Normal",""
"Seasonally Adjusted Workers’ Remittances","TS_GP_ES_SWR_M.SWR0002","Seasonally Adjusted WR (SWR)","31-May-2025","3495.09","Million USD","Normal",""
"Seasonally Adjusted Workers’ Remittances","TS_GP_ES_SWR_M.SWR0002","Seasonally Adjusted WR (SWR)","30-Apr-2025","3232.73","Million USD","Normal",""
"Seasonally Adjusted Workers’ Remittances","TS_GP_ES_SWR_M.SWR0002","Seasonally Adjusted WR (SWR)","31-Mar-2025","3510.96","Million USD","Normal",""
"Seasonally Adjusted Workers’ Remittances","TS_GP_ES_SWR_M.SWR0002","Seasonally Adjusted WR (SWR)","28-Feb-2025","3366.5","Million USD","Normal",""
"Seasonally Adjusted Workers’ Remittances","TS_GP_ES_SWR_M.SWR0002","Seasonally Adjusted WR (SWR)","31-Jan-2025","3321.83","Million USD","Normal",""
"Seasonally Adjusted Workers’ Remittances","TS_GP_ES_SWR_M.SWR0002","Seasonally Adjusted WR (SWR)","31-Dec-2024","3112.66","Million USD","Normal",""
"Seasonally Adjusted Workers’ Remittances","TS_GP_ES_SWR_M.SWR0002","Seasonally Adjusted WR (SWR)","30-Nov-2024","3068.39","Million USD","Normal",""
"Seasonally Adjusted Workers’ Remittances","TS_GP_ES_SWR_M.SWR0002","Seasonally Adjusted WR (SWR)","31-Oct-2024","3025.97","Million USD","Normal",""
"Seasonally Adjusted Workers’ Remittances","TS_GP_ES_SWR_M.SWR0002","Seasonally Adjusted WR (SWR)","30-Sep-2024","2889.39","Million USD","Normal",""
"Seasonally Adjusted Workers’ Remittances","TS_GP_ES_SWR_M.SWR0002","Seasonally Adjusted WR (SWR)","31-Aug-2024","2939.44","Million USD","Normal",""
"Seasonally Adjusted Workers’ Remittances","TS_GP_ES_SWR_M.SWR0002","Seasonally Adjusted WR (SWR)","31-Jul-2024","3023.53","Million USD","Normal",""
"Seasonally Adjusted Workers’ Remittances","TS_GP_ES_SWR_M.SWR0002","Seasonally Adjusted WR (SWR)","30-Jun-2024","2974.98","Million USD","Normal",""
"Seasonally Adjusted Workers’ Remittances","TS_GP_ES_SWR_M.SWR0002","Seasonally Adjusted WR (SWR)","31-May-2024","3091.66","Million USD","Normal",""
"Seasonally Adjusted Workers’ Remittances","TS_GP_ES_SWR_M.SWR0002","Seasonally Adjusted WR (SWR)","30-Apr-2024","2913.29","Million USD","Normal",""
"Seasonally Adjusted Workers’ Remittances","TS_GP_ES_SWR_M.SWR0002","Seasonally Adjusted WR (SWR)","31-Mar-2024","2524","Million USD","Normal",""
"Seasonally Adjusted Workers’ Remittances","TS_GP_ES_SWR_M.SWR0002","Seasonally Adjusted WR (SWR)","29-Feb-2024","2431.53","Million USD","Normal",""
"Seasonally Adjusted Workers’ Remittances","TS_GP_ES_SWR_M.SWR0002","Seasonally Adjusted WR (SWR)","31-Jan-2024","2642.27","Million USD","Normal",""
"Seasonally Adjusted Workers’ Remittances","TS_GP_ES_SWR_M.SWR0002","Seasonally Adjusted WR (SWR)","31-Dec-2023","2401.96","Million USD","Normal",""
"Seasonally Adjusted Workers’ Remittances","TS_GP_ES_SWR_M.SWR0002","Seasonally Adjusted WR (SWR)","30-Nov-2023","2377.53","Million USD","Normal",""
"Seasonally Adjusted Workers’ Remittances","TS_GP_ES_SWR_M.SWR0002","Seasonally Adjusted WR (SWR)","31-Oct-2023","2438.33","Million USD","Normal",""
"Seasonally Adjusted Workers’ Remittances","TS_GP_ES_SWR_M.SWR0002","Seasonally Adjusted WR (SWR)","30-Sep-2023","2224.67","Million USD","Normal",""
"Seasonally Adjusted Workers’ Remittances","TS_GP_ES_SWR_M.SWR0002","Seasonally Adjusted WR (SWR)","31-Aug-2023","2176.02","Million USD","Normal",""
"Seasonally Adjusted Workers’ Remittances","TS_GP_ES_SWR_M.SWR0002","Seasonally Adjusted WR (SWR)","31-Jul-2023","1968.74","Million USD","Normal",""
"Seasonally Adjusted Workers’ Remittances","TS_GP_ES_SWR_M.SWR0002","Seasonally Adjusted WR (SWR)","30-Jun-2023","2051.83","Million USD","Normal",""
"Seasonally Adjusted Workers’ Remittances","TS_GP_ES_SWR_M.SWR0002","Seasonally Adjusted WR (SWR)","31-May-2023","1963.48","Million USD","Normal",""
"Seasonally Adjusted Workers’ Remittances","TS_GP_ES_SWR_M.SWR0002","Seasonally Adjusted WR (SWR)","30-Apr-2023","2160.39","Million USD","Normal",""
"Seasonally Adjusted Workers’ Remittances","TS_GP_ES_SWR_M.SWR0002","Seasonally Adjusted WR (SWR)","31-Mar-2023","2353.96","Million USD","Normal",""
"Seasonally Adjusted Workers’ Remittances","TS_GP_ES_SWR_M.SWR0002","Seasonally Adjusted WR (SWR)","28-Feb-2023","2167.38","Million USD","Normal",""
"Seasonally Adjusted Workers’ Remittances","TS_GP_ES_SWR_M.SWR0002","Seasonally Adjusted WR (SWR)","31-Jan-2023","2080.99","Million USD","Normal",""
"Seasonally Adjusted Workers’ Remittances","TS_GP_ES_SWR_M.SWR0002","Seasonally Adjusted WR (SWR)","31-Dec-2022","2111.78","Million USD","Normal",""
"Seasonally Adjusted Workers’ Remittances","TS_GP_ES_SWR_M.SWR0002","Seasonally Adjusted WR (SWR)","30-Nov-2022","2291.28","Million USD","Normal",""
"Seasonally Adjusted Workers’ Remittances","TS_GP_ES_SWR_M.SWR0002","Seasonally Adjusted WR (SWR)","31-Oct-2022","2219.89","Million USD","Normal",""
"Seasonally Adjusted Workers’ Remittances","TS_GP_ES_SWR_M.SWR0002","Seasonally Adjusted WR (SWR)","30-Sep-2022","2498.96","Million USD","Normal",""
"Seasonally Adjusted Workers’ Remittances","TS_GP_ES_SWR_M.SWR0002","Seasonally Adjusted WR (SWR)","31-Aug-2022","2882.68","Million USD","Normal",""
"Seasonally Adjusted Workers’ Remittances","TS_GP_ES_SWR_M.SWR0002","Seasonally Adjusted WR (SWR)","31-Jul-2022","2550.85","Million USD","Normal",""
"Seasonally Adjusted Workers’ Remittances","TS_GP_ES_SWR_M.SWR0002","Seasonally Adjusted WR (SWR)","30-Jun-2022","2611.55","Million USD","Normal",""
"Seasonally Adjusted Workers’ Remittances","TS_GP_ES_SWR_M.SWR0002","Seasonally Adjusted WR (SWR)","31-May-2022","2507.03","Million USD","Normal",""
"Seasonally Adjusted Workers’ Remittances","TS_GP_ES_SWR_M.SWR0002","Seasonally Adjusted WR (SWR)","30-Apr-2022","2639.2","Million USD","Normal",""
"Seasonally Adjusted Workers’ Remittances","TS_GP_ES_SWR_M.SWR0002","Seasonally Adjusted WR (SWR)","31-Mar-2022","2687.5","Million USD","Normal",""
"Seasonally Adjusted Workers’ Remittances","TS_GP_ES_SWR_M.SWR0002","Seasonally Adjusted WR (SWR)","28-Feb-2022","2419.02","Million USD","Normal",""
"Seasonally Adjusted Workers’ Remittances","TS_GP_ES_SWR_M.SWR0002","Seasonally Adjusted WR (SWR)","31-Jan-2022","2370.2","Million USD","Normal",""
"Seasonally Adjusted Workers’ Remittances","TS_GP_ES_SWR_M.SWR0002","Seasonally Adjusted WR (SWR)","31-Dec-2021","2533.04","Million USD","Normal",""
"Seasonally Adjusted Workers’ Remittances","TS_GP_ES_SWR_M.SWR0002","Seasonally Adjusted WR (SWR)","30-Nov-2021","2593.99","Million USD","Normal",""
"Seasonally Adjusted Workers’ Remittances","TS_GP_ES_SWR_M.SWR0002","Seasonally Adjusted WR (SWR)","31-Oct-2021","2596.17","Million USD","Normal",""
"Seasonally Adjusted Workers’ Remittances","TS_GP_ES_SWR_M.SWR0002","Seasonally Adjusted WR (SWR)","30-Sep-2021","2784.31","Million USD","Normal",""
"Seasonally Adjusted Workers’ Remittances","TS_GP_ES_SWR_M.SWR0002","Seasonally Adjusted WR (SWR)","31-Aug-2021","2749.49","Million USD","Normal",""
"Seasonally Adjusted Workers’ Remittances","TS_GP_ES_SWR_M.SWR0002","Seasonally Adjusted WR (SWR)","31-Jul-2021","2679.97","Million USD","Normal",""
"Seasonally Adjusted Workers’ Remittances","TS_GP_ES_SWR_M.SWR0002","Seasonally Adjusted WR (SWR)","30-Jun-2021","2532.87","Million USD","Normal",""
"Seasonally Adjusted Workers’ Remittances","TS_GP_ES_SWR_M.SWR0002","Seasonally Adjusted WR (SWR)","31-May-2021","2475.12","Million USD","Normal",""
"Seasonally Adjusted Workers’ Remittances","TS_GP_ES_SWR_M.SWR0002","Seasonally Adjusted WR (SWR)","30-Apr-2021","2568.15","Million USD","Normal",""
"Seasonally Adjusted Workers’ Remittances","TS_GP_ES_SWR_M.SWR0002","Seasonally Adjusted WR (SWR)","31-Mar-2021","2586.98","Million USD","Normal",""
"Seasonally Adjusted Workers’ Remittances","TS_GP_ES_SWR_M.SWR0002","Seasonally Adjusted WR (SWR)","28-Feb-2021","2508.77","Million USD","Normal",""
"Seasonally Adjusted Workers’ Remittances","TS_GP_ES_SWR_M.SWR0002","Seasonally Adjusted WR (SWR)","31-Jan-2021","2456.41","Million USD","Normal",""
"Seasonally Adjusted Workers’ Remittances","TS_GP_ES_SWR_M.SWR0002","Seasonally Adjusted WR (SWR)","31-Dec-2020","2428","Million USD","Normal",""
"Seasonally Adjusted Workers’ Remittances","TS_GP_ES_SWR_M.SWR0002","Seasonally Adjusted WR (SWR)","30-Nov-2020","2459.25","Million USD","Normal",""
"Seasonally Adjusted Workers’ Remittances","TS_GP_ES_SWR_M.SWR0002","Seasonally Adjusted WR (SWR)","31-Oct-2020","2258.01","Million USD","Normal",""
"Seasonally Adjusted Workers’ Remittances","TS_GP_ES_SWR_M.SWR0002","Seasonally Adjusted WR (SWR)","30-Sep-2020","2346.34","Million USD","Normal",""
"Seasonally Adjusted Workers’ Remittances","TS_GP_ES_SWR_M.SWR0002","Seasonally Adjusted WR (SWR)","31-Aug-2020","2091.98","Million USD","Normal",""
"Seasonally Adjusted Workers’ Remittances","TS_GP_ES_SWR_M.SWR0002","Seasonally Adjusted WR (SWR)","31-Jul-2020","2700.87","Million USD","Normal",""
"Seasonally Adjusted Workers’ Remittances","TS_GP_ES_SWR_M.SWR0002","Seasonally Adjusted WR (SWR)","30-Jun-2020","2176.99","Million USD","Normal",""
"Seasonally Adjusted Workers’ Remittances","TS_GP_ES_SWR_M.SWR0002","Seasonally Adjusted WR (SWR)","31-May-2020","1823.79","Million USD","Normal",""
"Seasonally Adjusted Workers’ Remittances","TS_GP_ES_SWR_M.SWR0002","Seasonally Adjusted WR (SWR)","30-Apr-2020","1759.19","Million USD","Normal",""
"Seasonally Adjusted Workers’ Remittances","TS_GP_ES_SWR_M.SWR0002","Seasonally Adjusted WR (SWR)","31-Mar-2020","1815.43","Million USD","Normal",""
"Seasonally Adjusted Workers’ Remittances","TS_GP_ES_SWR_M.SWR0002","Seasonally Adjusted WR (SWR)","29-Feb-2020","2029.44","Million USD","Normal",""
"Seasonally Adjusted Workers’ Remittances","TS_GP_ES_SWR_M.SWR0002","Seasonally Adjusted WR (SWR)","31-Jan-2020","2058.87","Million USD","Normal",""
"Seasonally Adjusted Workers’ Remittances","TS_GP_ES_SWR_M.SWR0002","Seasonally Adjusted WR (SWR)","31-Dec-2019","2096.97","Million USD","Normal",""
"Seasonally Adjusted Workers’ Remittances","TS_GP_ES_SWR_M.SWR0002","Seasonally Adjusted WR (SWR)","30-Nov-2019","1921.23","Million USD","Normal",""
"Seasonally Adjusted Workers’ Remittances","TS_GP_ES_SWR_M.SWR0002","Seasonally Adjusted WR (SWR)","31-Oct-2019","1986.54","Million USD","Normal",""
"Seasonally Adjusted Workers’ Remittances","TS_GP_ES_SWR_M.SWR0002","Seasonally Adjusted WR (SWR)","30-Sep-2019","1775.28","Million USD","Normal",""
"Seasonally Adjusted Workers’ Remittances","TS_GP_ES_SWR_M.SWR0002","Seasonally Adjusted WR (SWR)","31-Aug-2019","1687.1","Million USD","Normal",""
"Seasonally Adjusted Workers’ Remittances","TS_GP_ES_SWR_M.SWR0002","Seasonally Adjusted WR (SWR)","31-Jul-2019","1976.17","Million USD","Normal",""
"Seasonally Adjusted Workers’ Remittances","TS_GP_ES_SWR_M.SWR0002","Seasonally Adjusted WR (SWR)","30-Jun-2019","1658.2","Million USD","Normal",""
"Seasonally Adjusted Workers’ Remittances","TS_GP_ES_SWR_M.SWR0002","Seasonally Adjusted WR (SWR)","31-May-2019","1924.32","Million USD","Normal",""
"Seasonally Adjusted Workers’ Remittances","TS_GP_ES_SWR_M.SWR0002","Seasonally Adjusted WR (SWR)","30-Apr-2019","1775.26","Million USD","Normal",""
"Seasonally Adjusted Workers’ Remittances","TS_GP_ES_SWR_M.SWR0002","Seasonally Adjusted WR (SWR)","31-Mar-2019","1659.25","Million USD","Normal",""
"Seasonally Adjusted Workers’ Remittances","TS_GP_ES_SWR_M.SWR0002","Seasonally Adjusted WR (SWR)","28-Feb-2019","1749.29","Million USD","Normal",""
"Seasonally Adjusted Workers’ Remittances","TS_GP_ES_SWR_M.SWR0002","Seasonally Adjusted WR (SWR)","31-Jan-2019","1870.36","Million USD","Normal",""
"Seasonally Adjusted Workers’ Remittances","TS_GP_ES_SWR_M.SWR0002","Seasonally Adjusted WR (SWR)","31-Dec-2018","1731.9","Million USD","Normal",""
"Seasonally Adjusted Workers’ Remittances","TS_GP_ES_SWR_M.SWR0002","Seasonally Adjusted WR (SWR)","30-Nov-2018","1753.53","Million USD","Normal",""
"Seasonally Adjusted Workers’ Remittances","TS_GP_ES_SWR_M.SWR0002","Seasonally Adjusted WR (SWR)","31-Oct-2018","2056.12","Million USD","Normal",""
"Seasonally Adjusted Workers’ Remittances","TS_GP_ES_SWR_M.SWR0002","Seasonally Adjusted WR (SWR)","30-Sep-2018","1500.19","Million USD","Normal",""
"Seasonally Adjusted Workers’ Remittances","TS_GP_ES_SWR_M.SWR0002","Seasonally Adjusted WR (SWR)","31-Aug-2018","2085.22","Million USD","Normal",""
"Seasonally Adjusted Workers’ Remittances","TS_GP_ES_SWR_M.SWR0002","Seasonally Adjusted WR (SWR)","31-Jul-2018","1918.26","Million USD","Normal",""
"Seasonally Adjusted Workers’ Remittances","TS_GP_ES_SWR_M.SWR0002","Seasonally Adjusted WR (SWR)","30-Jun-2018","1505.71","Million USD","Normal",""
"Seasonally Adjusted Workers’ Remittances","TS_GP_ES_SWR_M.SWR0002","Seasonally Adjusted WR (SWR)","31-May-2018","1649.59","Million USD","Normal",""
"Seasonally Adjusted Workers’ Remittances","TS_GP_ES_SWR_M.SWR0002","Seasonally Adjusted WR (SWR)","30-Apr-2018","1687.56","Million USD","Normal",""
"Seasonally Adjusted Workers’ Remittances","TS_GP_ES_SWR_M.SWR0002","Seasonally Adjusted WR (SWR)","31-Mar-2018","1736.32","Million USD","Normal",""
"Seasonally Adjusted Workers’ Remittances","TS_GP_ES_SWR_M.SWR0002","Seasonally Adjusted WR (SWR)","28-Feb-2018","1634.35","Million USD","Normal",""
"Seasonally Adjusted Workers’ Remittances","TS_GP_ES_SWR_M.SWR0002","Seasonally Adjusted WR (SWR)","31-Jan-2018","1781.67","Million USD","Normal",""
"Seasonally Adjusted Workers’ Remittances","TS_GP_ES_SWR_M.SWR0002","Seasonally Adjusted WR (SWR)","31-Dec-2017","1731.94","Million USD","Normal",""
"Seasonally Adjusted Workers’ Remittances","TS_GP_ES_SWR_M.SWR0002","Seasonally Adjusted WR (SWR)","30-Nov-2017","1696.08","Million USD","Normal",""
"Seasonally Adjusted Workers’ Remittances","TS_GP_ES_SWR_M.SWR0002","Seasonally Adjusted WR (SWR)","31-Oct-2017","1707.89","Million USD","Normal",""
"Seasonally Adjusted Workers’ Remittances","TS_GP_ES_SWR_M.SWR0002","Seasonally Adjusted WR (SWR)","30-Sep-2017","1315.44","Million USD","Normal",""
"Seasonally Adjusted Workers’ Remittances","TS_GP_ES_SWR_M.SWR0002","Seasonally Adjusted WR (SWR)","31-Aug-2017","1971.41","Million USD","Normal",""
"Seasonally Adjusted Workers’ Remittances","TS_GP_ES_SWR_M.SWR0002","Seasonally Adjusted WR (SWR)","31-Jul-2017","1389.69","Million USD","Normal",""
"Seasonally Adjusted Workers’ Remittances","TS_GP_ES_SWR_M.SWR0002","Seasonally Adjusted WR (SWR)","30-Jun-2017","1772.68","Million USD","Normal",""
"Seasonally Adjusted Workers’ Remittances","TS_GP_ES_SWR_M.SWR0002","Seasonally Adjusted WR (SWR)","31-May-2017","1775.37","Million USD","Normal",""
"Seasonally Adjusted Workers’ Remittances","TS_GP_ES_SWR_M.SWR0002","Seasonally Adjusted WR (SWR)","30-Apr-2017","1550.27","Million USD","Normal",""
"Seasonally Adjusted Workers’ Remittances","TS_GP_ES_SWR_M.SWR0002","Seasonally Adjusted WR (SWR)","31-Mar-2017","1642.85","Million USD","Normal",""
"Seasonally Adjusted Workers’ Remittances","TS_GP_ES_SWR_M.SWR0002","Seasonally Adjusted WR (SWR)","28-Feb-2017","1568.43","Million USD","Normal",""
"Seasonally Adjusted Workers’ Remittances","TS_GP_ES_SWR_M.SWR0002","Seasonally Adjusted WR (SWR)","31-Jan-2017","1584.62","Million USD","Normal",""
"Seasonally Adjusted Workers’ Remittances","TS_GP_ES_SWR_M.SWR0002","Seasonally Adjusted WR (SWR)","31-Dec-2016","1570.11","Million USD","Normal",""
"Seasonally Adjusted Workers’ Remittances","TS_GP_ES_SWR_M.SWR0002","Seasonally Adjusted WR (SWR)","30-Nov-2016","1730.16","Million USD","Normal",""
"Seasonally Adjusted Workers’ Remittances","TS_GP_ES_SWR_M.SWR0002","Seasonally Adjusted WR (SWR)","31-Oct-2016","1587.04","Million USD","Normal",""
"Seasonally Adjusted Workers’ Remittances","TS_GP_ES_SWR_M.SWR0002","Seasonally Adjusted WR (SWR)","30-Sep-2016","1617.19","Million USD","Normal",""
"Seasonally Adjusted Workers’ Remittances","TS_GP_ES_SWR_M.SWR0002","Seasonally Adjusted WR (SWR)","31-Aug-2016","1761.44","Million USD","Normal",""
"Seasonally Adjusted Workers’ Remittances","TS_GP_ES_SWR_M.SWR0002","Seasonally Adjusted WR (SWR)","31-Jul-2016","1428.85","Million USD","Normal",""
"Seasonally Adjusted Workers’ Remittances","TS_GP_ES_SWR_M.SWR0002","Seasonally Adjusted WR (SWR)","30-Jun-2016","1678.88","Million USD","Normal",""
"Seasonally Adjusted Workers’ Remittances","TS_GP_ES_SWR_M.SWR0002","Seasonally Adjusted WR (SWR)","31-May-2016","1732.82","Million USD","Normal",""
"Seasonally Adjusted Workers’ Remittances","TS_GP_ES_SWR_M.SWR0002","Seasonally Adjusted WR (SWR)","30-Apr-2016","1665.11","Million USD","Normal",""
"Seasonally Adjusted Workers’ Remittances","TS_GP_ES_SWR_M.SWR0002","Seasonally Adjusted WR (SWR)","31-Mar-2016","1663.62","Million USD","Normal",""
"Seasonally Adjusted Workers’ Remittances","TS_GP_ES_SWR_M.SWR0002","Seasonally Adjusted WR (SWR)","29-Feb-2016","1680.75","Million USD","Normal",""
"Seasonally Adjusted Workers’ Remittances","TS_GP_ES_SWR_M.SWR0002","Seasonally Adjusted WR (SWR)","31-Jan-2016","1553.01","Million USD","Normal",""
"Seasonally Adjusted Workers’ Remittances","TS_GP_ES_SWR_M.SWR0002","Seasonally Adjusted WR (SWR)","31-Dec-2015","1601.63","Million USD","Normal",""
"Seasonally Adjusted Workers’ Remittances","TS_GP_ES_SWR_M.SWR0002","Seasonally Adjusted WR (SWR)","30-Nov-2015","1739.65","Million USD","Normal",""
"Seasonally Adjusted Workers’ Remittances","TS_GP_ES_SWR_M.SWR0002","Seasonally Adjusted WR (SWR)","31-Oct-2015","1515.71","Million USD","Normal",""
"Seasonally Adjusted Workers’ Remittances","TS_GP_ES_SWR_M.SWR0002","Seasonally Adjusted WR (SWR)","30-Sep-2015","1783.2","Million USD","Normal",""
"Seasonally Adjusted Workers’ Remittances","TS_GP_ES_SWR_M.SWR0002","Seasonally Adjusted WR (SWR)","31-Aug-2015","1518.54","Million USD","Normal",""
"Seasonally Adjusted Workers’ Remittances","TS_GP_ES_SWR_M.SWR0002","Seasonally Adjusted WR (SWR)","31-Jul-2015","1572.79","Million USD","Normal",""
"Seasonally Adjusted Workers’ Remittances","TS_GP_ES_SWR_M.SWR0002","Seasonally Adjusted WR (SWR)","30-Jun-2015","1645.44","Million USD","Normal",""
"Seasonally Adjusted Workers’ Remittances","TS_GP_ES_SWR_M.SWR0002","Seasonally Adjusted WR (SWR)","31-May-2015","1600.88","Million USD","Normal",""
"Seasonally Adjusted Workers’ Remittances","TS_GP_ES_SWR_M.SWR0002","Seasonally Adjusted WR (SWR)","30-Apr-2015","1643.38","Million USD","Normal",""
"Seasonally Adjusted Workers’ Remittances","TS_GP_ES_SWR_M.SWR0002","Seasonally Adjusted WR (SWR)","31-Mar-2015","1559.94","Million USD","Normal",""
"Seasonally Adjusted Workers’ Remittances","TS_GP_ES_SWR_M.SWR0002","Seasonally Adjusted WR (SWR)","28-Feb-2015","1566.02","Million USD","Normal",""
"Seasonally Adjusted Workers’ Remittances","TS_GP_ES_SWR_M.SWR0002","Seasonally Adjusted WR (SWR)","31-Jan-2015","1485.46","Million USD","Normal",""
"Seasonally Adjusted Workers’ Remittances","TS_GP_ES_SWR_M.SWR0002","Seasonally Adjusted WR (SWR)","31-Dec-2014","1618.36","Million USD","Normal",""
"Seasonally Adjusted Workers’ Remittances","TS_GP_ES_SWR_M.SWR0002","Seasonally Adjusted WR (SWR)","30-Nov-2014","1442.32","Million USD","Normal",""
"Seasonally Adjusted Workers’ Remittances","TS_GP_ES_SWR_M.SWR0002","Seasonally Adjusted WR (SWR)","31-Oct-2014","1437.52","Million USD","Normal",""
"Seasonally Adjusted Workers’ Remittances","TS_GP_ES_SWR_M.SWR0002","Seasonally Adjusted WR (SWR)","30-Sep-2014","1764.04","Million USD","Normal",""
"Seasonally Adjusted Workers’ Remittances","TS_GP_ES_SWR_M.SWR0002","Seasonally Adjusted WR (SWR)","31-Aug-2014","1271.36","Million USD","Normal",""
"Seasonally Adjusted Workers’ Remittances","TS_GP_ES_SWR_M.SWR0002","Seasonally Adjusted WR (SWR)","31-Jul-2014","1623.92","Million USD","Normal",""
"Seasonally Adjusted Workers’ Remittances","TS_GP_ES_SWR_M.SWR0002","Seasonally Adjusted WR (SWR)","30-Jun-2014","1401.7","Million USD","Normal",""
"Seasonally Adjusted Workers’ Remittances","TS_GP_ES_SWR_M.SWR0002","Seasonally Adjusted WR (SWR)","31-May-2014","1387.81","Million USD","Normal",""
"Seasonally Adjusted Workers’ Remittances","TS_GP_ES_SWR_M.SWR0002","Seasonally Adjusted WR (SWR)","30-Apr-2014","1308.88","Million USD","Normal",""
"Seasonally Adjusted Workers’ Remittances","TS_GP_ES_SWR_M.SWR0002","Seasonally Adjusted WR (SWR)","31-Mar-2014","1291.53","Million USD","Normal",""
"Seasonally Adjusted Workers’ Remittances","TS_GP_ES_SWR_M.SWR0002","Seasonally Adjusted WR (SWR)","28-Feb-2014","1328.61","Million USD","Normal",""
"Seasonally Adjusted Workers’ Remittances","TS_GP_ES_SWR_M.SWR0002","Seasonally Adjusted WR (SWR)","31-Jan-2014","1321.05","Million USD","Normal",""
"Seasonally Adjusted Workers’ Remittances","TS_GP_ES_SWR_M.SWR0002","Seasonally Adjusted WR (SWR)","31-Dec-2013","1370.12","Million USD","Normal",""
"Seasonally Adjusted Workers’ Remittances","TS_GP_ES_SWR_M.SWR0002","Seasonally Adjusted WR (SWR)","30-Nov-2013","1208.96","Million USD","Normal",""
"Seasonally Adjusted Workers’ Remittances","TS_GP_ES_SWR_M.SWR0002","Seasonally Adjusted WR (SWR)","31-Oct-2013","1388.88","Million USD","Normal",""
"Seasonally Adjusted Workers’ Remittances","TS_GP_ES_SWR_M.SWR0002","Seasonally Adjusted WR (SWR)","30-Sep-2013","1296.1","Million USD","Normal",""
"Seasonally Adjusted Workers’ Remittances","TS_GP_ES_SWR_M.SWR0002","Seasonally Adjusted WR (SWR)","31-Aug-2013","1230.57","Million USD","Normal",""
"Seasonally Adjusted Workers’ Remittances","TS_GP_ES_SWR_M.SWR0002","Seasonally Adjusted WR (SWR)","31-Jul-2013","1431.79","Million USD","Normal",""
"Seasonally Adjusted Workers’ Remittances","TS_GP_ES_SWR_M.SWR0002","Seasonally Adjusted WR (SWR)","30-Jun-2013","987.25","Million USD","Normal",""
"Seasonally Adjusted Workers’ Remittances","TS_GP_ES_SWR_M.SWR0002","Seasonally Adjusted WR (SWR)","31-May-2013","1144.33","Million USD","Normal",""
"Seasonally Adjusted Workers’ Remittances","TS_GP_ES_SWR_M.SWR0002","Seasonally Adjusted WR (SWR)","30-Apr-2013","1208.55","Million USD","Normal",""
"Seasonally Adjusted Workers’ Remittances","TS_GP_ES_SWR_M.SWR0002","Seasonally Adjusted WR (SWR)","31-Mar-2013","1076.9","Million USD","Normal",""
"Seasonally Adjusted Workers’ Remittances","TS_GP_ES_SWR_M.SWR0002","Seasonally Adjusted WR (SWR)","28-Feb-2013","1123.75","Million USD","Normal",""
"Seasonally Adjusted Workers’ Remittances","TS_GP_ES_SWR_M.SWR0002","Seasonally Adjusted WR (SWR)","31-Jan-2013","1154.67","Million USD","Normal",""
"Seasonally Adjusted Workers’ Remittances","TS_GP_ES_SWR_M.SWR0002","Seasonally Adjusted WR (SWR)","31-Dec-2012","1119.35","Million USD","Normal",""
"Seasonally Adjusted Workers’ Remittances","TS_GP_ES_SWR_M.SWR0002","Seasonally Adjusted WR (SWR)","30-Nov-2012","1133.47","Million USD","Normal",""
"Seasonally Adjusted Workers’ Remittances","TS_GP_ES_SWR_M.SWR0002","Seasonally Adjusted WR (SWR)","31-Oct-2012","1359.1","Million USD","Normal",""
"Seasonally Adjusted Workers’ Remittances","TS_GP_ES_SWR_M.SWR0002","Seasonally Adjusted WR (SWR)","30-Sep-2012","1147.8","Million USD","Normal",""
"Seasonally Adjusted Workers’ Remittances","TS_GP_ES_SWR_M.SWR0002","Seasonally Adjusted WR (SWR)","31-Aug-2012","1215.09","Million USD","Normal",""
"Seasonally Adjusted Workers’ Remittances","TS_GP_ES_SWR_M.SWR0002","Seasonally Adjusted WR (SWR)","31-Jul-2012","1136.72","Million USD","Normal",""
"Seasonally Adjusted Workers’ Remittances","TS_GP_ES_SWR_M.SWR0002","Seasonally Adjusted WR (SWR)","30-Jun-2012","1059.13","Million USD","Normal",""
"Seasonally Adjusted Workers’ Remittances","TS_GP_ES_SWR_M.SWR0002","Seasonally Adjusted WR (SWR)","31-May-2012","1150.9","Million USD","Normal",""
"Seasonally Adjusted Workers’ Remittances","TS_GP_ES_SWR_M.SWR0002","Seasonally Adjusted WR (SWR)","30-Apr-2012","1129.39","Million USD","Normal",""
"Seasonally Adjusted Workers’ Remittances","TS_GP_ES_SWR_M.SWR0002","Seasonally Adjusted WR (SWR)","31-Mar-2012","1097.22","Million USD","Normal",""
"Seasonally Adjusted Workers’ Remittances","TS_GP_ES_SWR_M.SWR0002","Seasonally Adjusted WR (SWR)","29-Feb-2012","1258.75","Million USD","Normal",""
"Seasonally Adjusted Workers’ Remittances","TS_GP_ES_SWR_M.SWR0002","Seasonally Adjusted WR (SWR)","31-Jan-2012","1171.17","Million USD","Normal",""
"Seasonally Adjusted Workers’ Remittances","TS_GP_ES_SWR_M.SWR0002","Seasonally Adjusted WR (SWR)","31-Dec-2011","1093.42","Million USD","Normal",""
"Seasonally Adjusted Workers’ Remittances","TS_GP_ES_SWR_M.SWR0002","Seasonally Adjusted WR (SWR)","30-Nov-2011","988.05","Million USD","Normal",""
"Seasonally Adjusted Workers’ Remittances","TS_GP_ES_SWR_M.SWR0002","Seasonally Adjusted WR (SWR)","31-Oct-2011","1037.53","Million USD","Normal",""
"Seasonally Adjusted Workers’ Remittances","TS_GP_ES_SWR_M.SWR0002","Seasonally Adjusted WR (SWR)","30-Sep-2011","968.5","Million USD","Normal",""
"Seasonally Adjusted Workers’ Remittances","TS_GP_ES_SWR_M.SWR0002","Seasonally Adjusted WR (SWR)","31-Aug-2011","1132.73","Million USD","Normal",""
"Seasonally Adjusted Workers’ Remittances","TS_GP_ES_SWR_M.SWR0002","Seasonally Adjusted WR (SWR)","31-Jul-2011","1079.02","Million USD","Normal",""
"Seasonally Adjusted Workers’ Remittances","TS_GP_ES_SWR_M.SWR0002","Seasonally Adjusted WR (SWR)","30-Jun-2011","1052.89","Million USD","Normal",""
"Seasonally Adjusted Workers’ Remittances","TS_GP_ES_SWR_M.SWR0002","Seasonally Adjusted WR (SWR)","31-May-2011","1014.86","Million USD","Normal",""
"Seasonally Adjusted Workers’ Remittances","TS_GP_ES_SWR_M.SWR0002","Seasonally Adjusted WR (SWR)","30-Apr-2011","1017.8","Million USD","Normal",""
"Seasonally Adjusted Workers’ Remittances","TS_GP_ES_SWR_M.SWR0002","Seasonally Adjusted WR (SWR)","31-Mar-2011","1007.21","Million USD","Normal",""
"Seasonally Adjusted Workers’ Remittances","TS_GP_ES_SWR_M.SWR0002","Seasonally Adjusted WR (SWR)","28-Feb-2011","919.27","Million USD","Normal",""
"Seasonally Adjusted Workers’ Remittances","TS_GP_ES_SWR_M.SWR0002","Seasonally Adjusted WR (SWR)","31-Jan-2011","862.62","Million USD","Normal",""
"Seasonally Adjusted Workers’ Remittances","TS_GP_ES_SWR_M.SWR0002","Seasonally Adjusted WR (SWR)","31-Dec-2010","848.17","Million USD","Normal",""
"Seasonally Adjusted Workers’ Remittances","TS_GP_ES_SWR_M.SWR0002","Seasonally Adjusted WR (SWR)","30-Nov-2010","1008.97","Million USD","Normal",""
"Seasonally Adjusted Workers’ Remittances","TS_GP_ES_SWR_M.SWR0002","Seasonally Adjusted WR (SWR)","31-Oct-2010","879","Million USD","Normal",""
"Seasonally Adjusted Workers’ Remittances","TS_GP_ES_SWR_M.SWR0002","Seasonally Adjusted WR (SWR)","30-Sep-2010","977.8","Million USD","Normal",""
"Seasonally Adjusted Workers’ Remittances","TS_GP_ES_SWR_M.SWR0002","Seasonally Adjusted WR (SWR)","31-Aug-2010","826.54","Million USD","Normal",""
"Seasonally Adjusted Workers’ Remittances","TS_GP_ES_SWR_M.SWR0002","Seasonally Adjusted WR (SWR)","31-Jul-2010","783.74","Million USD","Normal",""
"Seasonally Adjusted Workers’ Remittances","TS_GP_ES_SWR_M.SWR0002","Seasonally Adjusted WR (SWR)","30-Jun-2010","805.84","Million USD","Normal",""
"Seasonally Adjusted Workers’ Remittances","TS_GP_ES_SWR_M.SWR0002","Seasonally Adjusted WR (SWR)","31-May-2010","734.6","Million USD","Normal",""
"Seasonally Adjusted Workers’ Remittances","TS_GP_ES_SWR_M.SWR0002","Seasonally Adjusted WR (SWR)","30-Apr-2010","745.94","Million USD","Normal",""
"Seasonally Adjusted Workers’ Remittances","TS_GP_ES_SWR_M.SWR0002","Seasonally Adjusted WR (SWR)","31-Mar-2010","728.29","Million USD","Normal",""
"Seasonally Adjusted Workers’ Remittances","TS_GP_ES_SWR_M.SWR0002","Seasonally Adjusted WR (SWR)","28-Feb-2010","639.69","Million USD","Normal",""
"Seasonally Adjusted Workers’ Remittances","TS_GP_ES_SWR_M.SWR0002","Seasonally Adjusted WR (SWR)","31-Jan-2010","690.41","Million USD","Normal",""
"Seasonally Adjusted Workers’ Remittances","TS_GP_ES_SWR_M.SWR0002","Seasonally Adjusted WR (SWR)","31-Dec-2009","716.03","Million USD","Normal",""
"Seasonally Adjusted Workers’ Remittances","TS_GP_ES_SWR_M.SWR0002","Seasonally Adjusted WR (SWR)","30-Nov-2009","771.76","Million USD","Normal",""
"Seasonally Adjusted Workers’ Remittances","TS_GP_ES_SWR_M.SWR0002","Seasonally Adjusted WR (SWR)","31-Oct-2009","761.63","Million USD","Normal",""
"Seasonally Adjusted Workers’ Remittances","TS_GP_ES_SWR_M.SWR0002","Seasonally Adjusted WR (SWR)","30-Sep-2009","809.4","Million USD","Normal",""
"Seasonally Adjusted Workers’ Remittances","TS_GP_ES_SWR_M.SWR0002","Seasonally Adjusted WR (SWR)","31-Aug-2009","749.06","Million USD","Normal",""
"Seasonally Adjusted Workers’ Remittances","TS_GP_ES_SWR_M.SWR0002","Seasonally Adjusted WR (SWR)","31-Jul-2009","743.88","Million USD","Normal",""
"Seasonally Adjusted Workers’ Remittances","TS_GP_ES_SWR_M.SWR0002","Seasonally Adjusted WR (SWR)","30-Jun-2009","705.4","Million USD","Normal",""
"Seasonally Adjusted Workers’ Remittances","TS_GP_ES_SWR_M.SWR0002","Seasonally Adjusted WR (SWR)","31-May-2009","701.4","Million USD","Normal",""
"Seasonally Adjusted Workers’ Remittances","TS_GP_ES_SWR_M.SWR0002","Seasonally Adjusted WR (SWR)","30-Apr-2009","689.23","Million USD","Normal",""
"Seasonally Adjusted Workers’ Remittances","TS_GP_ES_SWR_M.SWR0002","Seasonally Adjusted WR (SWR)","31-Mar-2009","702.56","Million USD","Normal",""
"Seasonally Adjusted Workers’ Remittances","TS_GP_ES_SWR_M.SWR0002","Seasonally Adjusted WR (SWR)","28-Feb-2009","695.64","Million USD","Normal",""
"Seasonally Adjusted Workers’ Remittances","TS_GP_ES_SWR_M.SWR0002","Seasonally Adjusted WR (SWR)","31-Jan-2009","653.46","Million USD","Normal",""
"Seasonally Adjusted Workers’ Remittances","TS_GP_ES_SWR_M.SWR0002","Seasonally Adjusted WR (SWR)","31-Dec-2008","675.25","Million USD","Normal",""
"Seasonally Adjusted Workers’ Remittances","TS_GP_ES_SWR_M.SWR0002","Seasonally Adjusted WR (SWR)","30-Nov-2008","656.75","Million USD","Normal",""
"Seasonally Adjusted Workers’ Remittances","TS_GP_ES_SWR_M.SWR0002","Seasonally Adjusted WR (SWR)","31-Oct-2008","539.33","Million USD","Normal",""
"Seasonally Adjusted Workers’ Remittances","TS_GP_ES_SWR_M.SWR0002","Seasonally Adjusted WR (SWR)","30-Sep-2008","564.6","Million USD","Normal",""
"Seasonally Adjusted Workers’ Remittances","TS_GP_ES_SWR_M.SWR0002","Seasonally Adjusted WR (SWR)","31-Aug-2008","581.16","Million USD","Normal",""
"Seasonally Adjusted Workers’ Remittances","TS_GP_ES_SWR_M.SWR0002","Seasonally Adjusted WR (SWR)","31-Jul-2008","632.01","Million USD","Normal",""
"Seasonally Adjusted Workers’ Remittances","TS_GP_ES_SWR_M.SWR0002","Seasonally Adjusted WR (SWR)","30-Jun-2008","524.64","Million USD","Normal",""
"Seasonally Adjusted Workers’ Remittances","TS_GP_ES_SWR_M.SWR0002","Seasonally Adjusted WR (SWR)","31-May-2008","572.29","Million USD","Normal",""
"Seasonally Adjusted Workers’ Remittances","TS_GP_ES_SWR_M.SWR0002","Seasonally Adjusted WR (SWR)","30-Apr-2008","584","Million USD","Normal",""
"Seasonally Adjusted Workers’ Remittances","TS_GP_ES_SWR_M.SWR0002","Seasonally Adjusted WR (SWR)","31-Mar-2008","571.02","Million USD","Normal",""
"Seasonally Adjusted Workers’ Remittances","TS_GP_ES_SWR_M.SWR0002","Seasonally Adjusted WR (SWR)","29-Feb-2008","543.84","Million USD","Normal",""
"Seasonally Adjusted Workers’ Remittances","TS_GP_ES_SWR_M.SWR0002","Seasonally Adjusted WR (SWR)","31-Jan-2008","568.18","Million USD","Normal",""
"Seasonally Adjusted Workers’ Remittances","TS_GP_ES_SWR_M.SWR0002","Seasonally Adjusted WR (SWR)","31-Dec-2007","478.73","Million USD","Normal",""
"Seasonally Adjusted Workers’ Remittances","TS_GP_ES_SWR_M.SWR0002","Seasonally Adjusted WR (SWR)","30-Nov-2007","531.2","Million USD","Normal",""
"Seasonally Adjusted Workers’ Remittances","TS_GP_ES_SWR_M.SWR0002","Seasonally Adjusted WR (SWR)","31-Oct-2007","603.48","Million USD","Normal",""
"Seasonally Adjusted Workers’ Remittances","TS_GP_ES_SWR_M.SWR0002","Seasonally Adjusted WR (SWR)","30-Sep-2007","489.88","Million USD","Normal",""
"Seasonally Adjusted Workers’ Remittances","TS_GP_ES_SWR_M.SWR0002","Seasonally Adjusted WR (SWR)","31-Aug-2007","479.07","Million USD","Normal",""
"Seasonally Adjusted Workers’ Remittances","TS_GP_ES_SWR_M.SWR0002","Seasonally Adjusted WR (SWR)","31-Jul-2007","502.13","Million USD","Normal",""
"Seasonally Adjusted Workers’ Remittances","TS_GP_ES_SWR_M.SWR0002","Seasonally Adjusted WR (SWR)","30-Jun-2007","482.44","Million USD","Normal",""
"Seasonally Adjusted Workers’ Remittances","TS_GP_ES_SWR_M.SWR0002","Seasonally Adjusted WR (SWR)","31-May-2007","527.64","Million USD","Normal",""
"Seasonally Adjusted Workers’ Remittances","TS_GP_ES_SWR_M.SWR0002","Seasonally Adjusted WR (SWR)","30-Apr-2007","507.84","Million USD","Normal",""
"Seasonally Adjusted Workers’ Remittances","TS_GP_ES_SWR_M.SWR0002","Seasonally Adjusted WR (SWR)","31-Mar-2007","492.56","Million USD","Normal",""
"Seasonally Adjusted Workers’ Remittances","TS_GP_ES_SWR_M.SWR0002","Seasonally Adjusted WR (SWR)","28-Feb-2007","491.8","Million USD","Normal",""
"Seasonally Adjusted Workers’ Remittances","TS_GP_ES_SWR_M.SWR0002","Seasonally Adjusted WR (SWR)","31-Jan-2007","407.08","Million USD","Normal",""
"Seasonally Adjusted Workers’ Remittances","TS_GP_ES_SWR_M.SWR0002","Seasonally Adjusted WR (SWR)","31-Dec-2006","462.43","Million USD","Normal",""
"Seasonally Adjusted Workers’ Remittances","TS_GP_ES_SWR_M.SWR0002","Seasonally Adjusted WR (SWR)","30-Nov-2006","451.78","Million USD","Normal",""
"Seasonally Adjusted Workers’ Remittances","TS_GP_ES_SWR_M.SWR0002","Seasonally Adjusted WR (SWR)","31-Oct-2006","422.75","Million USD","Normal",""
"Seasonally Adjusted Workers’ Remittances","TS_GP_ES_SWR_M.SWR0002","Seasonally Adjusted WR (SWR)","30-Sep-2006","423.05","Million USD","Normal",""
"Seasonally Adjusted Workers’ Remittances","TS_GP_ES_SWR_M.SWR0002","Seasonally Adjusted WR (SWR)","31-Aug-2006","426.62","Million USD","Normal",""
"Seasonally Adjusted Workers’ Remittances","TS_GP_ES_SWR_M.SWR0002","Seasonally Adjusted WR (SWR)","31-Jul-2006","385.16","Million USD","Normal",""
"Seasonally Adjusted Workers’ Remittances","TS_GP_ES_SWR_M.SWR0002","Seasonally Adjusted WR (SWR)","30-Jun-2006","443.95","Million USD","Normal",""
"Seasonally Adjusted Workers’ Remittances","TS_GP_ES_SWR_M.SWR0002","Seasonally Adjusted WR (SWR)","31-May-2006","500.16","Million USD","Normal",""
"Seasonally Adjusted Workers’ Remittances","TS_GP_ES_SWR_M.SWR0002","Seasonally Adjusted WR (SWR)","30-Apr-2006","399.94","Million USD","Normal",""
"Seasonally Adjusted Workers’ Remittances","TS_GP_ES_SWR_M.SWR0002","Seasonally Adjusted WR (SWR)","31-Mar-2006","403.56","Million USD","Normal",""
"Seasonally Adjusted Workers’ Remittances","TS_GP_ES_SWR_M.SWR0002","Seasonally Adjusted WR (SWR)","28-Feb-2006","383.83","Million USD","Normal",""
"Seasonally Adjusted Workers’ Remittances","TS_GP_ES_SWR_M.SWR0002","Seasonally Adjusted WR (SWR)","31-Jan-2006","403.77","Million USD","Normal",""
"Seasonally Adjusted Workers’ Remittances","TS_GP_ES_SWR_M.SWR0002","Seasonally Adjusted WR (SWR)","31-Dec-2005","362.2","Million USD","Normal",""
"Seasonally Adjusted Workers’ Remittances","TS_GP_ES_SWR_M.SWR0002","Seasonally Adjusted WR (SWR)","30-Nov-2005","355.79","Million USD","Normal",""
"Seasonally Adjusted Workers’ Remittances","TS_GP_ES_SWR_M.SWR0002","Seasonally Adjusted WR (SWR)","31-Oct-2005","328.54","Million USD","Normal",""
"Seasonally Adjusted Workers’ Remittances","TS_GP_ES_SWR_M.SWR0002","Seasonally Adjusted WR (SWR)","30-Sep-2005","347.82","Million USD","Normal",""
"Seasonally Adjusted Workers’ Remittances","TS_GP_ES_SWR_M.SWR0002","Seasonally Adjusted WR (SWR)","31-Aug-2005","341.07","Million USD","Normal",""
"Seasonally Adjusted Workers’ Remittances","TS_GP_ES_SWR_M.SWR0002","Seasonally Adjusted WR (SWR)","31-Jul-2005","320.67","Million USD","Normal",""
